core.externalId,core.name,core.description,com.infa.ccgf.models.governance.TechnicalDescription,core.assetLifecycle,com.infa.ccgf.models.governance.Frequency,com.infa.ccgf.models.governance.ruleInputPortName,com.infa.ccgf.models.governance.scannedTime,com.infa.ccgf.models.governance.TechnicalRuleReference,com.infa.ccgf.models.governance.Threshold,com.infa.ccgf.models.governance.exception,com.infa.ccgf.models.governance.RuleType,com.infa.ccgf.models.governance.MeasuringMethod,com.infa.ccgf.models.governance.value,com.infa.ccgf.models.governance.totalCount,com.infa.ccgf.models.governance.Criticality,com.infa.ccgf.models.governance.Target,Primary Data Element,Secondary Data Element,Stakeholder: Admin,Stakeholder: Custom Role - Data Steward,Stakeholder: Governance Administrator,Stakeholder: Governance Owner,Stakeholder: Super Admin,Stakeholder: Bank_Details_Consumer,Stakeholder: test super Stakeholder Role,Stakeholder: Bank_Details_Owner,Stakeholders Type,HierarchicalPath,Operation,core.createdOn,core.createdBy,core.modifiedOn,core.modifiedBy,core.identity,core.location,core.origin
DQO-68,RO_null check,,"",Published,,,2025-03-20T07:33:06.303,ezvoXcauFeiiiNcGwmQqof,70.00,0,Completeness,InformaticaCloudDataQuality,100.00,6,,90.00,47a502d9-2ef5-316a-ae23-8e12cf8cdcb3://XE/DEMO/BEENU_EMP/FIRSTNAME~com.infa.odin.models.relational.Column,"",,,Manoj11,,"","","","",Assigned,beenu_emp_catlog/XE/DEMO/BEENU_EMP/FIRSTNAME/RO_null check,Update,"Mar 13, 2025, 01:43:23 PM",Manoj11,"Mar 20, 2025, 07:35:00 AM",infa_admin,18301684-b54d-4a89-a2e0-b57a053c7c7b,47a502d9-2ef5-316a-ae23-8e12cf8cdcb3://47a502d9-2ef5-316a-ae23-8e12cf8cdcb3/XE/DEMO/BEENU_EMP/FIRSTNAME/18301684-b54d-4a89-a2e0-b57a053c7c7b,47a502d9-2ef5-316a-ae23-8e12cf8cdcb3
DQO-53,RO_LastName_Check,,-,Published,,LastName,2025-01-14T12:05:16.558,7dWlL4X7OVub3qgOuWw3o2,70.00,2,Consistency,BusinessExtract,80.00,10,Medium,90.00,c4e44051-2ed8-3751-89ed-64f021698a3e://FileServer/E:/FlatFile/CUSTOMER.csv/LAST NAME~com.infa.odin.models.file.flat.FlatField,c4e44051-2ed8-3751-89ed-64f021698a3e://FileServer/E:/FlatFile/CUSTOMER.csv/FIRSTNAME~com.infa.odin.models.file.flat.FlatField,,AswathyNagarajan;RahinR,,,"","","","",Inherited,SRC_FF_RAH/File Server/E:/FlatFile/CUSTOMER.csv/LAST NAME/RO_LastName_Check,Update,"Jan 14, 2025, 11:28:57 AM",AswathyNagarajan,"Jan 14, 2025, 12:07:21 PM",AswathyNagarajan,250267b3-2e26-4891-8425-64264fdbd54a,c4e44051-2ed8-3751-89ed-64f021698a3e://c4e44051-2ed8-3751-89ed-64f021698a3e/File Server/E:/FlatFile/CUSTOMER.csv/LAST NAME/250267b3-2e26-4891-8425-64264fdbd54a,c4e44051-2ed8-3751-89ed-64f021698a3e
8d748053-50f8-4071-b6a1-e134177235c7,Riswin_ID_PrimaryRuleSet,TEST,"",Published,Daily,,2025-03-17T05:23:50.751,5b70XnP91GgfKySjyMBAmR,84.00,0,Validity,InformaticaCloudDataQuality,100.00,6,High,95.00,,"",,,Manoj11,,"","","","",Assigned,Riswin_ID_PrimaryRuleSet,Update,"Mar 16, 2025, 10:58:53 AM",Manoj11,"Mar 17, 2025, 05:23:50 AM",Manoj11,25964078-d1e6-4caa-9ccb-ac814f032de2,CDGC://25964078-d1e6-4caa-9ccb-ac814f032de2,CDGC
d2a8a741-43ee-4d24-82a2-db17922d0cdd,validity_test_PrimaryRuleSet,TEST,"",Published,Daily,,,5b70XnP91GgfKySjyMBAmR,84.00,,Validity,InformaticaCloudDataQuality,,,High,95.00,,"",,,Manoj11,,"","","","",Assigned,validity_test_PrimaryRuleSet,Update,"Mar 17, 2025, 07:59:41 AM",Manoj11,"Mar 17, 2025, 07:59:45 AM",Manoj11,27f00e06-24db-4900-bbba-c0637a290264,CDGC://27f00e06-24db-4900-bbba-c0637a290264,CDGC
DQO-78,DQRO_Valid_AccountID,,Checking null values,Published,Weekly,,2025-03-19T13:01:47.91,5yqRwfWOZ4iiS2Wtoma9u8,70.00,0,Accuracy,InformaticaCloudDataQuality,100.00,10,Medium,90.00,599ac44a-6e23-36ab-85f2-b52fcbc8bd27://john/dbo/BankAccount/AccountID~com.infa.odin.models.relational.Column,"",,,,,"","","","",,_john_MainDB_SQL/john/dbo/BankAccount/AccountID/DQRO_Valid_AccountID,Update,"Mar 18, 2025, 06:45:40 AM",abish,"Mar 19, 2025, 01:04:38 PM",abish,2ced24f7-ae07-436d-97e0-3347e4b1b90e,599ac44a-6e23-36ab-85f2-b52fcbc8bd27://599ac44a-6e23-36ab-85f2-b52fcbc8bd27/john/dbo/BankAccount/AccountID/2ced24f7-ae07-436d-97e0-3347e4b1b90e,599ac44a-6e23-36ab-85f2-b52fcbc8bd27
DQO-47,RO_Check_PHN_Validity_Demo,,"-The phone number should not be empty
-It has only digits",Published,Weekly,Phone,,5hVmVi0GKQYdzn6Iwjtes3,70.00,,Validity,InformaticaCloudDataQuality,,,Medium,90.00,968aa2f4-48bf-31e7-a4c7-804abbcea134://FileServer/D:/Book1.csv/Phone~com.infa.odin.models.file.flat.FlatField,"",,,,,"","","","",,SC_FF/File Server/D:/Book1.csv/Phone/RO_Check_PHN_Validity_Demo,Update,"Jan 09, 2025, 08:09:23 AM",AswathyNagarajan,"Jan 09, 2025, 08:09:23 AM",AswathyNagarajan,38f9d373-58bd-4fd3-9729-873de6474415,968aa2f4-48bf-31e7-a4c7-804abbcea134://968aa2f4-48bf-31e7-a4c7-804abbcea134/File Server/D:/Book1.csv/Phone/38f9d373-58bd-4fd3-9729-873de6474415,968aa2f4-48bf-31e7-a4c7-804abbcea134
DQO-88,DQRO_SUBJECT,,-,Published,Weekly,,2025-03-19T13:01:35.537,0q44jO9ykoshTdImYUTH4m,70.00,0,Consistency,InformaticaCloudDataQuality,100.00,9,Medium,90.00,599ac44a-6e23-36ab-85f2-b52fcbc8bd27://john/dbo/STUDENTS/SUBJECT~com.infa.odin.models.relational.Column,"",,,,,"","","","",,_john_MainDB_SQL/john/dbo/STUDENTS/SUBJECT/DQRO_SUBJECT,Update,"Mar 19, 2025, 11:27:04 AM",AshikaA,"Mar 19, 2025, 01:04:38 PM",abish,453e5de9-fcf7-4410-822a-6bee9343147a,599ac44a-6e23-36ab-85f2-b52fcbc8bd27://599ac44a-6e23-36ab-85f2-b52fcbc8bd27/john/dbo/STUDENTS/SUBJECT/453e5de9-fcf7-4410-822a-6bee9343147a,599ac44a-6e23-36ab-85f2-b52fcbc8bd27
DQO-49,Customer Name,,-,Published,Weekly,,2025-01-30T14:04:39.966,8XwoOBhWxyaksVKvxqwK2B,70.00,0,Completeness,InformaticaCloudDataQuality,100.00,8,Medium,90.00,5f4b9f8a-bcb2-3997-ba96-3f145ca1eb21://xe/DEMO/RISWIN_SD2_TARGET/EMP_NAME~com.infa.odin.models.relational.Column,"",,RiswinT,,,"","","","",Assigned,Riswin_TEST_1/xe/DEMO/RISWIN_SD2_TARGET/EMP_NAME/Customer Name,Update,"Jan 09, 2025, 12:57:15 PM",RiswinT,"Jan 30, 2025, 02:06:53 PM",RiswinT,4eb0e39b-eaba-4790-bca0-db15ad11534e,5f4b9f8a-bcb2-3997-ba96-3f145ca1eb21://5f4b9f8a-bcb2-3997-ba96-3f145ca1eb21/xe/DEMO/RISWIN_SD2_TARGET/EMP_NAME/4eb0e39b-eaba-4790-bca0-db15ad11534e,5f4b9f8a-bcb2-3997-ba96-3f145ca1eb21
DQO-82,DQRO_PersonID,,-,Published,Weekly,,2025-03-19T13:01:36.206,0q44jO9ykoshTdImYUTH4m,70.00,1,Consistency,InformaticaCloudDataQuality,90.00,10,Medium,90.00,599ac44a-6e23-36ab-85f2-b52fcbc8bd27://john/dbo/VehicleOwnership/PersonID~com.infa.odin.models.relational.Column,"",,,,,"","","","",,_john_MainDB_SQL/john/dbo/VehicleOwnership/PersonID/DQRO_PersonID,Update,"Mar 19, 2025, 11:06:01 AM",AshikaA,"Mar 19, 2025, 01:04:38 PM",abish,54f2e4e8-0647-4a91-80f4-7e87ef690656,599ac44a-6e23-36ab-85f2-b52fcbc8bd27://599ac44a-6e23-36ab-85f2-b52fcbc8bd27/john/dbo/VehicleOwnership/PersonID/54f2e4e8-0647-4a91-80f4-7e87ef690656,599ac44a-6e23-36ab-85f2-b52fcbc8bd27
DQO-17,DQRO_date,,-,Published,Weekly,,2024-10-01T06:18:09.711,8VELQ2us6gihXdCudtWVW8,70.00,0,Validity,InformaticaCloudDataQuality,100.00,107,Medium,90.00,b68dfe13-48bf-377d-8362-6c5fb2c83697://xe/HR/EMPLOYEES/HIRE_DATE~com.infa.odin.models.relational.Column,"",,,kaviya;infa_admin,,"","","","",Inherited,Oracle_HR/xe/HR/EMPLOYEES/HIRE_DATE/DQRO_date,Update,"Sep 25, 2024, 01:22:28 PM",CajorinM,"Oct 01, 2024, 06:20:05 AM",kaviya,5611bcec-c0a6-4718-a0b0-62f0362bf606,b68dfe13-48bf-377d-8362-6c5fb2c83697://b68dfe13-48bf-377d-8362-6c5fb2c83697/xe/HR/EMPLOYEES/HIRE_DATE/5611bcec-c0a6-4718-a0b0-62f0362bf606,b68dfe13-48bf-377d-8362-6c5fb2c83697
DQO-84,DQRO_Year,,-,Published,Weekly,,2025-03-19T13:01:36.206,0PbMC4XwKlzaZRRNFx79Sv,70.00,2,Consistency,InformaticaCloudDataQuality,80.00,10,Medium,90.00,599ac44a-6e23-36ab-85f2-b52fcbc8bd27://john/dbo/VehicleOwnership/Year~com.infa.odin.models.relational.Column,"",,,,,"","","","",,_john_MainDB_SQL/john/dbo/VehicleOwnership/Year/DQRO_Year,Update,"Mar 19, 2025, 11:15:17 AM",AshikaA,"Mar 19, 2025, 01:04:38 PM",abish,58a01d9f-f0fd-49fd-9803-a45f258f07bb,599ac44a-6e23-36ab-85f2-b52fcbc8bd27://599ac44a-6e23-36ab-85f2-b52fcbc8bd27/john/dbo/VehicleOwnership/Year/58a01d9f-f0fd-49fd-9803-a45f258f07bb,599ac44a-6e23-36ab-85f2-b52fcbc8bd27
DQO-113,DQRO_Institution,,-,Published,Weekly,,2025-03-27T14:17:05.13,0PbMC4XwKlzaZRRNFx79Sv,70.00,1,Completeness,InformaticaCloudDataQuality,90.00,10,Medium,90.00,599ac44a-6e23-36ab-85f2-b52fcbc8bd27://john/dbo/Education/Institution~com.infa.odin.models.relational.Column,"",,,,,"","","","",,_john_MainDB_SQL/john/dbo/Education/Institution/DQRO_Institution,Update,"Mar 19, 2025, 12:28:01 PM",AshikaA,"Mar 27, 2025, 02:24:46 PM",abish,597e85ea-56b7-4bad-8804-1722922095fb,599ac44a-6e23-36ab-85f2-b52fcbc8bd27://599ac44a-6e23-36ab-85f2-b52fcbc8bd27/john/dbo/Education/Institution/597e85ea-56b7-4bad-8804-1722922095fb,599ac44a-6e23-36ab-85f2-b52fcbc8bd27
DQO-44,Null check for name,,-,Published,,,,3N1Mj7Ju74SesLipPhCrGL,70.00,,Completeness,InformaticaCloudDataQuality,,,Medium,90.00,5d349b03-0a70-3ffe-8127-3c29c3a0ebe1://FileServer/E:/FlatFile/CUSTOMER.csv/FIRSTNAME~com.infa.odin.models.file.flat.FlatField,5d349b03-0a70-3ffe-8127-3c29c3a0ebe1://FileServer/E:/FlatFile/CUSTOMER.csv/LAST NAME~com.infa.odin.models.file.flat.FlatField,,,,,"","","","",,L_FF_Test/File Server/E:/FlatFile/CUSTOMER.csv/FIRSTNAME/Null check for name,Update,"Jan 08, 2025, 11:00:54 AM",Deleted,"Jan 08, 2025, 11:00:54 AM",Deleted,5d7f832d-26e0-4725-9080-719b071ed39c,5d349b03-0a70-3ffe-8127-3c29c3a0ebe1://5d349b03-0a70-3ffe-8127-3c29c3a0ebe1/File Server/E:/FlatFile/CUSTOMER.csv/FIRSTNAME/5d7f832d-26e0-4725-9080-719b071ed39c,5d349b03-0a70-3ffe-8127-3c29c3a0ebe1
DQO-103,DQRO_JobTitle,,-,Published,Weekly,,2025-03-19T13:01:45.322,0PbMC4XwKlzaZRRNFx79Sv,70.00,0,Consistency,InformaticaCloudDataQuality,100.00,17,Medium,90.00,599ac44a-6e23-36ab-85f2-b52fcbc8bd27://john/dbo/Employees/JobTitle~com.infa.odin.models.relational.Column,"",,,,,"","","","",,_john_MainDB_SQL/john/dbo/Employees/JobTitle/DQRO_JobTitle,Update,"Mar 19, 2025, 12:08:10 PM",AshikaA,"Mar 19, 2025, 01:04:38 PM",abish,6381715f-6726-4e4a-9654-05f2db78b3f2,599ac44a-6e23-36ab-85f2-b52fcbc8bd27://599ac44a-6e23-36ab-85f2-b52fcbc8bd27/john/dbo/Employees/JobTitle/6381715f-6726-4e4a-9654-05f2db78b3f2,599ac44a-6e23-36ab-85f2-b52fcbc8bd27
37fc7259-d416-40c7-8645-96be1fbdd645,Riswin_ID_PrimaryRuleSet,TEST,"",Published,Daily,,2025-03-16T10:32:17.001,5b70XnP91GgfKySjyMBAmR,84.00,0,Validity,InformaticaCloudDataQuality,100.00,6,High,95.00,,"",,,Manoj11,,"","","","",Assigned,Riswin_ID_PrimaryRuleSet,Update,"Mar 16, 2025, 10:20:32 AM",Manoj11,"Mar 16, 2025, 10:32:16 AM",Manoj11,6b131dcb-63af-463b-b07e-f49f0bcaa672,CDGC://6b131dcb-63af-463b-b07e-f49f0bcaa672,CDGC
DQO-101,DQRO_FirstName,,-,Published,Weekly,,2025-03-19T13:01:45.322,0q44jO9ykoshTdImYUTH4m,70.00,0,Completeness,InformaticaCloudDataQuality,100.00,17,Medium,90.00,599ac44a-6e23-36ab-85f2-b52fcbc8bd27://john/dbo/Employees/FirstName~com.infa.odin.models.relational.Column,"",,,,,"","","","",,_john_MainDB_SQL/john/dbo/Employees/FirstName/DQRO_FirstName,Update,"Mar 19, 2025, 12:04:56 PM",AshikaA,"Mar 19, 2025, 01:04:38 PM",abish,6c607f76-6f0d-416b-949b-31b8c00b0009,599ac44a-6e23-36ab-85f2-b52fcbc8bd27://599ac44a-6e23-36ab-85f2-b52fcbc8bd27/john/dbo/Employees/FirstName/6c607f76-6f0d-416b-949b-31b8c00b0009,599ac44a-6e23-36ab-85f2-b52fcbc8bd27
DQO-108,DQRO_Country,,-,Published,Weekly,,2025-03-19T13:01:31.426,0PbMC4XwKlzaZRRNFx79Sv,70.00,0,Accuracy,InformaticaCloudDataQuality,100.00,5,Medium,90.00,599ac44a-6e23-36ab-85f2-b52fcbc8bd27://john/dbo/CountryData/Country~com.infa.odin.models.relational.Column,"",,,,,"","","","",,_john_MainDB_SQL/john/dbo/CountryData/Country/DQRO_Country,Update,"Mar 19, 2025, 12:17:40 PM",AshikaA,"Mar 19, 2025, 01:04:38 PM",abish,6f1e173c-4935-4d7b-8817-bc78e1ec8dc0,599ac44a-6e23-36ab-85f2-b52fcbc8bd27://599ac44a-6e23-36ab-85f2-b52fcbc8bd27/john/dbo/CountryData/Country/6f1e173c-4935-4d7b-8817-bc78e1ec8dc0,599ac44a-6e23-36ab-85f2-b52fcbc8bd27
ba137284-2b9a-4f03-920d-501983c1ae29,Validity_FIRSTNAME_PrimaryRuleSet,Rule Specification_Ak,"",Published,Daily,,2025-03-18T07:30:48.176,6QttjMK7dWuhm8qLZXU24T,84.00,0,Validity,InformaticaCloudDataQuality,100.00,6,High,95.00,,"",,,amitk,,"","","","",Assigned,Validity_FIRSTNAME_PrimaryRuleSet,Update,"Mar 18, 2025, 07:28:58 AM",amitk,"Mar 18, 2025, 07:30:48 AM",amitk,71ff1c73-3517-416c-829d-3c7c967b26b3,CDGC://71ff1c73-3517-416c-829d-3c7c967b26b3,CDGC
DQO-39,email completeness,,Email cannot be empty,Published,,EMAIL,2024-10-23T12:39:04.831,92NQeohq0tphxde5jeAJwq,70.00,16,Completeness,InformaticaCloudDataQuality,86.88,122,Medium,90.00,fac0394d-8220-3feb-8b15-dfcd7d2c6f85://SQL_Employees_Data/dbo/Emp_Department_SQL/EMAIL~com.infa.odin.models.relational.Column,"",,,infa_admin,,"","","","",Assigned,Filco_SQL_Server/SQL_Employees_Data/dbo/Emp_Department_SQL/EMAIL/email completeness,Update,"Oct 23, 2024, 12:23:52 PM",infa_admin,"Oct 23, 2024, 12:40:51 PM",infa_admin,8c0e372d-661e-43ab-8fd8-262347d7d584,fac0394d-8220-3feb-8b15-dfcd7d2c6f85://fac0394d-8220-3feb-8b15-dfcd7d2c6f85/SQL_Employees_Data/dbo/Emp_Department_SQL/EMAIL/8c0e372d-661e-43ab-8fd8-262347d7d584,fac0394d-8220-3feb-8b15-dfcd7d2c6f85
DQO-24,DQRO_FirstName,,-,Published,Weekly,,,0q44jO9ykoshTdImYUTH4m,70.00,,Completeness,InformaticaCloudDataQuality,,,Low,90.00,26501ce2-8229-38e9-8434-db3be7a64055://Xe/B2B_DWH/EMPLOYEES_AS/FIRST_NAME~com.infa.odin.models.relational.Column,"",,anfeezas,kaviya,,"","","","",Assigned,AS_Oracle/Xe/B2B_DWH/EMPLOYEES_AS/FIRST_NAME/DQRO_FirstName,Update,"Sep 30, 2024, 01:31:48 PM",anfeezas,"Sep 30, 2024, 01:31:48 PM",anfeezas,91ef8113-4c5d-4b68-8f12-bd2e3fb37cfe,26501ce2-8229-38e9-8434-db3be7a64055://26501ce2-8229-38e9-8434-db3be7a64055/Xe/B2B_DWH/EMPLOYEES_AS/FIRST_NAME/91ef8113-4c5d-4b68-8f12-bd2e3fb37cfe,26501ce2-8229-38e9-8434-db3be7a64055
DQO-89,DQRO_DistrictName,,-,Published,Weekly,,2025-03-19T13:01:40.241,0PbMC4XwKlzaZRRNFx79Sv,70.00,0,Consistency,InformaticaCloudDataQuality,100.00,6,Medium,90.00,599ac44a-6e23-36ab-85f2-b52fcbc8bd27://john/dbo/District/DistrictName~com.infa.odin.models.relational.Column,"",,,,,"","","","",,_john_MainDB_SQL/john/dbo/District/DistrictName/DQRO_DistrictName,Update,"Mar 19, 2025, 11:35:25 AM",AshikaA,"Mar 19, 2025, 01:04:38 PM",abish,a19a17a2-32c0-41a5-9456-d3653543716a,599ac44a-6e23-36ab-85f2-b52fcbc8bd27://599ac44a-6e23-36ab-85f2-b52fcbc8bd27/john/dbo/District/DistrictName/a19a17a2-32c0-41a5-9456-d3653543716a,599ac44a-6e23-36ab-85f2-b52fcbc8bd27
DQO-59,Ro_First_Name_Validity,,Rule Specification_Ak,Published,,FIRST_NAME,2025-03-03T11:56:45.349,6QttjMK7dWuhm8qLZXU24T,70.00,0,Validity,InformaticaCloudDataQuality,100.00,10,Medium,90.00,e6d5830a-4581-32b4-b2df-c66ebb3b9a72://XE/DEMO/EMPLOYEES/FIRST_NAME~com.infa.odin.models.relational.Column,"",,,,,"","","","",,ORACLE_AK/XE/DEMO/EMPLOYEES/FIRST_NAME/Ro_First_Name_Validity,Update,"Mar 03, 2025, 11:34:42 AM",amitk,"Mar 03, 2025, 11:58:22 AM",amitk,d715d984-c64f-443e-84bc-a0fcdc2a9e92,e6d5830a-4581-32b4-b2df-c66ebb3b9a72://e6d5830a-4581-32b4-b2df-c66ebb3b9a72/XE/DEMO/EMPLOYEES/FIRST_NAME/d715d984-c64f-443e-84bc-a0fcdc2a9e92,e6d5830a-4581-32b4-b2df-c66ebb3b9a72
b4505aa8-41e8-4f0c-b868-ccae2ca73563,firstname_scorecard,i,"",Published,Daily,,2025-03-12T09:59:54.976,5b70XnP91GgfKySjyMBAmR,84.00,0,Validity,InformaticaCloudDataQuality,100.00,6,High,95.00,47a502d9-2ef5-316a-ae23-8e12cf8cdcb3://XE/DEMO/BEENU_EMP/FIRSTNAME~com.infa.odin.models.relational.Column,"",,,beenu,,"","","","",Assigned,firstname_scorecard,Update,"Mar 12, 2025, 09:58:04 AM",beenu,"Mar 12, 2025, 09:59:54 AM",beenu,d99bc93a-d165-4736-9f3a-22d5aa905302,CDGC://d99bc93a-d165-4736-9f3a-22d5aa905302,CDGC
DQO-80,DQRO_Make,,-,Published,Weekly,,2025-03-19T13:01:36.206,0q44jO9ykoshTdImYUTH4m,70.00,1,Consistency,InformaticaCloudDataQuality,90.00,10,Medium,90.00,599ac44a-6e23-36ab-85f2-b52fcbc8bd27://john/dbo/VehicleOwnership/Make~com.infa.odin.models.relational.Column,"",,,,,"","","","",,_john_MainDB_SQL/john/dbo/VehicleOwnership/Make/DQRO_Make,Update,"Mar 19, 2025, 10:50:18 AM",AshikaA,"Mar 19, 2025, 01:04:38 PM",abish,df5ca5f6-db47-44b9-856f-237a540cbd57,599ac44a-6e23-36ab-85f2-b52fcbc8bd27://599ac44a-6e23-36ab-85f2-b52fcbc8bd27/john/dbo/VehicleOwnership/Make/df5ca5f6-db47-44b9-856f-237a540cbd57,599ac44a-6e23-36ab-85f2-b52fcbc8bd27
DQO-111,DQRO_EducationID,,-,Published,Weekly,,2025-03-27T14:17:05.13,0PbMC4XwKlzaZRRNFx79Sv,70.00,0,Consistency,InformaticaCloudDataQuality,100.00,10,Medium,90.00,599ac44a-6e23-36ab-85f2-b52fcbc8bd27://john/dbo/Education/EducationID~com.infa.odin.models.relational.Column,"",,,,,"","","","",,_john_MainDB_SQL/john/dbo/Education/EducationID/DQRO_EducationID,Update,"Mar 19, 2025, 12:25:22 PM",AshikaA,"Mar 27, 2025, 02:24:46 PM",abish,e42e41de-7328-4aac-94c6-afc1ec3d87c7,599ac44a-6e23-36ab-85f2-b52fcbc8bd27://599ac44a-6e23-36ab-85f2-b52fcbc8bd27/john/dbo/Education/EducationID/e42e41de-7328-4aac-94c6-afc1ec3d87c7,599ac44a-6e23-36ab-85f2-b52fcbc8bd27
80958d91-7c65-4210-9352-8bcff3d90f90,Validity_test,TEST,"",Published,Daily,,2025-03-17T13:06:15.377,5b70XnP91GgfKySjyMBAmR,84.00,0,Validity,InformaticaCloudDataQuality,100.00,6,High,95.00,,"",,,Manoj11,,"","","","",Assigned,Validity_test,Update,"Mar 17, 2025, 01:04:08 PM",Manoj11,"Mar 17, 2025, 01:06:15 PM",Manoj11,e605706e-4b65-4cf2-a2c9-6ba9708c34b9,CDGC://e605706e-4b65-4cf2-a2c9-6ba9708c34b9,CDGC
DQO-86,DQRO_NAME,,-,Published,Weekly,,2025-03-19T13:01:35.537,0q44jO9ykoshTdImYUTH4m,70.00,0,Completeness,InformaticaCloudDataQuality,100.00,9,Medium,90.00,599ac44a-6e23-36ab-85f2-b52fcbc8bd27://john/dbo/STUDENTS/NAME~com.infa.odin.models.relational.Column,"",,,,,"","","","",,_john_MainDB_SQL/john/dbo/STUDENTS/NAME/DQRO_NAME,Update,"Mar 19, 2025, 11:22:40 AM",AshikaA,"Mar 19, 2025, 01:04:38 PM",abish,ed398dd1-4b4e-43ce-af48-b62c6615163f,599ac44a-6e23-36ab-85f2-b52fcbc8bd27://599ac44a-6e23-36ab-85f2-b52fcbc8bd27/john/dbo/STUDENTS/NAME/ed398dd1-4b4e-43ce-af48-b62c6615163f,599ac44a-6e23-36ab-85f2-b52fcbc8bd27
DQO-45,Email_Validity,,-,Published,,,2025-01-09T05:28:46.67,1r9Pps3XSk1lxWTnTi11kH,70.00,1,Accuracy,InformaticaCloudDataQuality,66.66,3,Medium,90.00,968aa2f4-48bf-31e7-a4c7-804abbcea134://FileServer/D:/Book1.csv/Email~com.infa.odin.models.file.flat.FlatField,"",,,,,"","","","",,SC_FF/File Server/D:/Book1.csv/Email/Email_Validity,Update,"Jan 08, 2025, 11:54:57 AM",Jaishar,"Jan 09, 2025, 05:28:37 AM",Jaishar,f0f3dd10-74d9-4499-8c4f-8e39077d08ed,968aa2f4-48bf-31e7-a4c7-804abbcea134://968aa2f4-48bf-31e7-a4c7-804abbcea134/File Server/D:/Book1.csv/Email/f0f3dd10-74d9-4499-8c4f-8e39077d08ed,968aa2f4-48bf-31e7-a4c7-804abbcea134
DQO-50,Temp_Name_Occurence,,-,Published,,,2025-01-10T11:39:38.58,ezvoXcauFeiiiNcGwmQqof,70.00,0,Completeness,InformaticaCloudDataQuality,100.00,8,Medium,90.00,a0065e41-d97d-339c-8083-d40e4f7ff21b://Xe/DEMO/RISWIN_SD2_TARGET/EMP_NAME~com.infa.odin.models.relational.Column,"",,HannibalHenry,,,"","","","",Assigned,hanni_test1/Xe/DEMO/RISWIN_SD2_TARGET/EMP_NAME/Temp_Name_Occurence,Update,"Jan 10, 2025, 11:13:51 AM",HannibalHenry,"Jan 10, 2025, 11:41:14 AM",HannibalHenry,f9576212-e0c5-4d5e-a062-e8cf472dcb41,a0065e41-d97d-339c-8083-d40e4f7ff21b://a0065e41-d97d-339c-8083-d40e4f7ff21b/Xe/DEMO/RISWIN_SD2_TARGET/EMP_NAME/f9576212-e0c5-4d5e-a062-e8cf472dcb41,a0065e41-d97d-339c-8083-d40e4f7ff21b
DQO-98,DQRO_Department,,-,Published,Weekly,,2025-03-19T13:01:45.322,8W729bju0SHexUFAgUiEEa,70.00,8,Validity,InformaticaCloudDataQuality,52.94,17,Medium,90.00,599ac44a-6e23-36ab-85f2-b52fcbc8bd27://john/dbo/Employees/Department~com.infa.odin.models.relational.Column,"",,,,,"","","","",,_john_MainDB_SQL/john/dbo/Employees/Department/DQRO_Department,Update,"Mar 19, 2025, 11:59:50 AM",AshikaA,"Mar 19, 2025, 01:04:38 PM",abish,fe3cf404-fbdc-4b85-8b5c-f4187a32737a,599ac44a-6e23-36ab-85f2-b52fcbc8bd27://599ac44a-6e23-36ab-85f2-b52fcbc8bd27/john/dbo/Employees/Department/fe3cf404-fbdc-4b85-8b5c-f4187a32737a,599ac44a-6e23-36ab-85f2-b52fcbc8bd27
87203272-4feb-4694-9722-9d132e50a77d,COMPLETENESS_PHONE_NUMBER_PrimaryRuleSet,To view the null score,"",Published,Daily,,2024-10-13T06:14:29.643,bGnGJEBoVS2hJWtrn8ePIm,84.00,6,Completeness,InformaticaCloudDataQuality,80.00,30,High,95.00,,"",,,AswathyNagarajan,,"","","","",Assigned,COMPLETENESS_PHONE_NUMBER_PrimaryRuleSet,Update,"Oct 13, 2024, 06:01:41 AM",AswathyNagarajan,"Oct 13, 2024, 06:14:29 AM",AswathyNagarajan,0ee47277-3083-43d9-9dc3-e38c7aa66575,CDGC://0ee47277-3083-43d9-9dc3-e38c7aa66575,CDGC
DQO-60,RO_Employeename_null_check,,-,Published,,input,2025-03-05T07:32:31.071,3N1Mj7Ju74SesLipPhCrGL,70.00,0,Completeness,InformaticaCloudDataQuality,100.00,3,Medium,90.00,1671ab18-3793-3fab-b926-5b4850a3d449://XE/DEMO/EMPLOYEES/NAME~com.infa.odin.models.relational.Column,"",,,Ancy,,"","","","",Inherited,ACJ_Oracle_Employees_extract/XE/DEMO/EMPLOYEES/NAME/RO_Employeename_null_check,Update,"Mar 05, 2025, 07:24:06 AM",Ancy,"Mar 05, 2025, 07:38:40 AM",Ancy,126dba91-2442-4abc-9a2d-8e0285ef474e,1671ab18-3793-3fab-b926-5b4850a3d449://1671ab18-3793-3fab-b926-5b4850a3d449/XE/DEMO/EMPLOYEES/NAME/126dba91-2442-4abc-9a2d-8e0285ef474e,1671ab18-3793-3fab-b926-5b4850a3d449
DQO-92,DQRO_FamousPlace,,-,Published,Weekly,,2025-03-19T13:01:40.241,0PbMC4XwKlzaZRRNFx79Sv,70.00,0,Accuracy,InformaticaCloudDataQuality,100.00,6,Medium,90.00,599ac44a-6e23-36ab-85f2-b52fcbc8bd27://john/dbo/District/FamousPlace~com.infa.odin.models.relational.Column,"",,,,,"","","","",,_john_MainDB_SQL/john/dbo/District/FamousPlace/DQRO_FamousPlace,Update,"Mar 19, 2025, 11:41:29 AM",AshikaA,"Mar 19, 2025, 01:04:38 PM",abish,13eeb22f-05eb-4766-979e-710007c9b161,599ac44a-6e23-36ab-85f2-b52fcbc8bd27://599ac44a-6e23-36ab-85f2-b52fcbc8bd27/john/dbo/District/FamousPlace/13eeb22f-05eb-4766-979e-710007c9b161,599ac44a-6e23-36ab-85f2-b52fcbc8bd27
DQO-77,DQRO_Valid_PersonID,,Checking null values,Published,Weekly,,2025-03-19T13:01:47.91,5yqRwfWOZ4iiS2Wtoma9u8,70.00,0,Accuracy,InformaticaCloudDataQuality,100.00,10,Medium,90.00,599ac44a-6e23-36ab-85f2-b52fcbc8bd27://john/dbo/BankAccount/PersonID~com.infa.odin.models.relational.Column,"",,,,,"","","","",,_john_MainDB_SQL/john/dbo/BankAccount/PersonID/DQRO_Valid_PersonID,Update,"Mar 18, 2025, 06:44:51 AM",abish,"Mar 19, 2025, 01:04:38 PM",abish,253bfa1d-a7f7-4989-be08-6ba2b20f5183,599ac44a-6e23-36ab-85f2-b52fcbc8bd27://599ac44a-6e23-36ab-85f2-b52fcbc8bd27/john/dbo/BankAccount/PersonID/253bfa1d-a7f7-4989-be08-6ba2b20f5183,599ac44a-6e23-36ab-85f2-b52fcbc8bd27
DQO-18,DQRO_ContryCode,,The rule used to check whether the CountryCode is accurate.,Published,,CountryCode,2024-10-01T06:18:17.299,3ZyeIbYtxLubyJz7SgI7KZ,60.00,0,Accuracy,InformaticaCloudDataQuality,100.00,25,Medium,80.00,b68dfe13-48bf-377d-8362-6c5fb2c83697://xe/HR/COUNTRIES/COUNTRY_ID~com.infa.odin.models.relational.Column,"",,,infa_admin;AswathyNagarajan;kaviya,,"","","","",Assigned,Oracle_HR/xe/HR/COUNTRIES/COUNTRY_ID/DQRO_ContryCode,Update,"Sep 25, 2024, 01:37:46 PM",kaviya,"Oct 01, 2024, 06:20:05 AM",kaviya,2e80c349-d964-4456-8dc8-9cfb8be06ceb,b68dfe13-48bf-377d-8362-6c5fb2c83697://b68dfe13-48bf-377d-8362-6c5fb2c83697/xe/HR/COUNTRIES/COUNTRY_ID/2e80c349-d964-4456-8dc8-9cfb8be06ceb,b68dfe13-48bf-377d-8362-6c5fb2c83697
DQO-95,DQRO_PolicyID,,-,Published,Weekly,,2025-03-19T13:01:43.825,0q44jO9ykoshTdImYUTH4m,70.00,0,Uniqueness,InformaticaCloudDataQuality,100.00,10,Medium,90.00,599ac44a-6e23-36ab-85f2-b52fcbc8bd27://john/dbo/Insurance/PolicyID~com.infa.odin.models.relational.Column,"",,,,,"","","","",,_john_MainDB_SQL/john/dbo/Insurance/PolicyID/DQRO_PolicyID,Update,"Mar 19, 2025, 11:53:20 AM",AshikaA,"Mar 19, 2025, 01:04:38 PM",abish,2f41b4a6-85d1-41e3-9a67-8ab976673db8,599ac44a-6e23-36ab-85f2-b52fcbc8bd27://599ac44a-6e23-36ab-85f2-b52fcbc8bd27/john/dbo/Insurance/PolicyID/2f41b4a6-85d1-41e3-9a67-8ab976673db8,599ac44a-6e23-36ab-85f2-b52fcbc8bd27
DQO-112,DQRO_GraduationYear,,-,Published,Weekly,,2025-03-27T14:17:05.13,0PbMC4XwKlzaZRRNFx79Sv,70.00,2,Consistency,InformaticaCloudDataQuality,80.00,10,Medium,90.00,599ac44a-6e23-36ab-85f2-b52fcbc8bd27://john/dbo/Education/GraduationYear~com.infa.odin.models.relational.Column,"",,,,,"","","","",,_john_MainDB_SQL/john/dbo/Education/GraduationYear/DQRO_GraduationYear,Update,"Mar 19, 2025, 12:26:10 PM",AshikaA,"Mar 27, 2025, 02:24:46 PM",abish,31cdcb5e-a6cc-446f-814e-962c0009f886,599ac44a-6e23-36ab-85f2-b52fcbc8bd27://599ac44a-6e23-36ab-85f2-b52fcbc8bd27/john/dbo/Education/GraduationYear/31cdcb5e-a6cc-446f-814e-962c0009f886,599ac44a-6e23-36ab-85f2-b52fcbc8bd27
DQO-87,DQRO_SCORE,,-,Published,Weekly,,2025-03-19T13:01:35.537,0PbMC4XwKlzaZRRNFx79Sv,70.00,0,Completeness,InformaticaCloudDataQuality,100.00,9,Medium,90.00,599ac44a-6e23-36ab-85f2-b52fcbc8bd27://john/dbo/STUDENTS/SCORE~com.infa.odin.models.relational.Column,"",,,,,"","","","",,_john_MainDB_SQL/john/dbo/STUDENTS/SCORE/DQRO_SCORE,Update,"Mar 19, 2025, 11:25:12 AM",AshikaA,"Mar 19, 2025, 01:04:38 PM",abish,3536189f-a5e9-4446-acbb-abb8fb6c4db6,599ac44a-6e23-36ab-85f2-b52fcbc8bd27://599ac44a-6e23-36ab-85f2-b52fcbc8bd27/john/dbo/STUDENTS/SCORE/3536189f-a5e9-4446-acbb-abb8fb6c4db6,599ac44a-6e23-36ab-85f2-b52fcbc8bd27
DQO-33,test_rule_occ,,Phone number cannot be empty.,Published,Weekly,,2024-10-10T10:21:10.039,1qdwS7zxQkQgZy6D3IVKyD,70.00,0,Accuracy,InformaticaCloudDataQuality,100.00,93,Medium,90.00,4e959567-3f59-3072-9531-3e36c6219e2f://xe/SOURCE/S_EMPLOYEES/PHONE_NUMBER~com.infa.odin.models.relational.Column,"",,,infa_admin,,"","","","",Assigned,Target-Filco/xe/SOURCE/S_EMPLOYEES/PHONE_NUMBER/test_rule_occ,Update,"Oct 10, 2024, 10:15:23 AM",infa_admin,"Oct 10, 2024, 10:23:44 AM",infa_admin,363759d5-4443-4a16-89a7-16fc98da396b,4e959567-3f59-3072-9531-3e36c6219e2f://4e959567-3f59-3072-9531-3e36c6219e2f/xe/SOURCE/S_EMPLOYEES/PHONE_NUMBER/363759d5-4443-4a16-89a7-16fc98da396b,4e959567-3f59-3072-9531-3e36c6219e2f
DQO-66,RO_test_rule,,-,Published,Weekly,name,,ezvoXcauFeiiiNcGwmQqof,70.00,,Accuracy,InformaticaCloudDataQuality,,,Medium,90.00,a0065e41-d97d-339c-8083-d40e4f7ff21b://Xe/DEMO/RISWIN_SD2_TARGET/EMP_NAME~com.infa.odin.models.relational.Column,"",,,Manoj11,,"","","","",Assigned,hanni_test1/Xe/DEMO/RISWIN_SD2_TARGET/EMP_NAME/RO_test_rule,Update,"Mar 13, 2025, 11:35:18 AM",Manoj11,"Mar 13, 2025, 11:35:55 AM",Manoj11,50bbbfd4-273f-42dd-abab-6af9259b0c1e,a0065e41-d97d-339c-8083-d40e4f7ff21b://a0065e41-d97d-339c-8083-d40e4f7ff21b/Xe/DEMO/RISWIN_SD2_TARGET/EMP_NAME/50bbbfd4-273f-42dd-abab-6af9259b0c1e,a0065e41-d97d-339c-8083-d40e4f7ff21b
DQO-93,DQRO_CoverageAmount,,-,Published,Weekly,,2025-03-19T13:01:43.825,0PbMC4XwKlzaZRRNFx79Sv,70.00,2,Accuracy,InformaticaCloudDataQuality,80.00,10,Medium,90.00,599ac44a-6e23-36ab-85f2-b52fcbc8bd27://john/dbo/Insurance/CoverageAmount~com.infa.odin.models.relational.Column,"",,,,,"","","","",,_john_MainDB_SQL/john/dbo/Insurance/CoverageAmount/DQRO_CoverageAmount,Update,"Mar 19, 2025, 11:49:15 AM",AshikaA,"Mar 19, 2025, 01:04:38 PM",abish,5d843816-b215-4793-8c3c-2cb1973c644e,599ac44a-6e23-36ab-85f2-b52fcbc8bd27://599ac44a-6e23-36ab-85f2-b52fcbc8bd27/john/dbo/Insurance/CoverageAmount/5d843816-b215-4793-8c3c-2cb1973c644e,599ac44a-6e23-36ab-85f2-b52fcbc8bd27
a28b6cda-c424-45ed-a59a-a8adf9697962,Profile_Completeness_City_PrimaryRuleSet,Profile_Completeness_City_PrimaryRuleSet,"",Published,Daily,,2025-03-24T11:52:42.233,bGnGJEBoVS2hJWtrn8ePIm,70.00,1,Completeness,InformaticaCloudDataQuality,90.00,10,High,90.00,,"",,,infa_admin,,"","","","",Assigned,Profile_Completeness_City_PrimaryRuleSet,Update,"Mar 24, 2025, 09:49:36 AM",infa_admin,"Mar 24, 2025, 11:52:42 AM",infa_admin,5eeb7c81-a109-4a0b-aa14-3f6f7e195d41,CDGC://5eeb7c81-a109-4a0b-aa14-3f6f7e195d41,CDGC
DQO-99,DQRO_Email,,-,Published,Weekly,,2025-03-19T13:01:45.322,1r9Pps3XSk1lxWTnTi11kH,70.00,0,Accuracy,InformaticaCloudDataQuality,100.00,17,Medium,90.00,599ac44a-6e23-36ab-85f2-b52fcbc8bd27://john/dbo/Employees/Email~com.infa.odin.models.relational.Column,"",,,,,"","","","",,_john_MainDB_SQL/john/dbo/Employees/Email/DQRO_Email,Update,"Mar 19, 2025, 12:02:15 PM",AshikaA,"Mar 19, 2025, 01:04:38 PM",abish,5f8a5ce6-27a5-43be-b00c-c80a4f8f664c,599ac44a-6e23-36ab-85f2-b52fcbc8bd27://599ac44a-6e23-36ab-85f2-b52fcbc8bd27/john/dbo/Employees/Email/5f8a5ce6-27a5-43be-b00c-c80a4f8f664c,599ac44a-6e23-36ab-85f2-b52fcbc8bd27
DQO-35,Null Check,,-,Published,Weekly,,2024-10-22T10:14:16.037,3N1Mj7Ju74SesLipPhCrGL,70.00,72,Completeness,InformaticaCloudDataQuality,32.71,107,Medium,90.00,fac0394d-8220-3feb-8b15-dfcd7d2c6f85://SQL_Employees_Data/dbo/EMPLOYEES_SQL/COMMISSION_PCT~com.infa.odin.models.relational.Column,"",,,infa_admin,,"","","","",Assigned,Filco_SQL_Server/SQL_Employees_Data/dbo/EMPLOYEES_SQL/COMMISSION_PCT/Null Check,Update,"Oct 22, 2024, 09:56:44 AM",infa_admin,"Oct 22, 2024, 10:16:04 AM",infa_admin,692eec1e-4c01-47cb-bbff-c99ef3d9d2e0,fac0394d-8220-3feb-8b15-dfcd7d2c6f85://fac0394d-8220-3feb-8b15-dfcd7d2c6f85/SQL_Employees_Data/dbo/EMPLOYEES_SQL/COMMISSION_PCT/692eec1e-4c01-47cb-bbff-c99ef3d9d2e0,fac0394d-8220-3feb-8b15-dfcd7d2c6f85
DQO-31,DQ Salary Matric,,SALARY must not be greater than 10000 and must not be less than 2000,Published,Weekly,,2024-10-08T07:42:29.775,dEjpIEGoJA9iYzgpS4V9k9,70.00,28,Consistency,InformaticaCloudDataQuality,77.23,123,Medium,90.00,4e959567-3f59-3072-9531-3e36c6219e2f://xe/TARGET/EMPLOYEES_TGT/SALARY~com.infa.odin.models.relational.Column,"",,,infa_admin,,"","","","",Assigned,Target-Filco/xe/TARGET/EMPLOYEES_TGT/SALARY/DQ Salary Matric,Update,"Oct 08, 2024, 05:55:56 AM",infa_admin,"Oct 08, 2024, 07:46:45 AM",infa_admin,7d44f929-9136-4cd7-8e80-d56159ef880f,4e959567-3f59-3072-9531-3e36c6219e2f://4e959567-3f59-3072-9531-3e36c6219e2f/xe/TARGET/EMPLOYEES_TGT/SALARY/7d44f929-9136-4cd7-8e80-d56159ef880f,4e959567-3f59-3072-9531-3e36c6219e2f
DQO-38,uniqueness check,,Phone number field should be 10 digits,Published,,,2024-10-22T10:14:16.054,igRqqDgOBUIfkVHBXd6YKc,70.00,107,Accuracy,InformaticaCloudDataQuality,0.00,107,Medium,90.00,fac0394d-8220-3feb-8b15-dfcd7d2c6f85://SQL_Employees_Data/dbo/EMPLOYEES_SQL/EMAIL~com.infa.odin.models.relational.Column,"",,,infa_admin,,"","","","",Assigned,Filco_SQL_Server/SQL_Employees_Data/dbo/EMPLOYEES_SQL/EMAIL/uniqueness check,Update,"Oct 22, 2024, 10:00:35 AM",infa_admin,"Oct 22, 2024, 10:16:04 AM",infa_admin,7f75a72d-c8b2-4be6-b044-7f8036dcea3b,fac0394d-8220-3feb-8b15-dfcd7d2c6f85://fac0394d-8220-3feb-8b15-dfcd7d2c6f85/SQL_Employees_Data/dbo/EMPLOYEES_SQL/EMAIL/7f75a72d-c8b2-4be6-b044-7f8036dcea3b,fac0394d-8220-3feb-8b15-dfcd7d2c6f85
c7b8261e-ac9f-4b42-9bb5-0584af7f3031,COMPLETENESS_FIRST_NAME_PrimaryRuleSet,For the First name score,"",Published,Daily,,2024-10-13T06:14:29.558,bGnGJEBoVS2hJWtrn8ePIm,84.00,3,Completeness,InformaticaCloudDataQuality,90.00,30,High,95.00,,"",,,AswathyNagarajan,,"","","","",Assigned,COMPLETENESS_FIRST_NAME_PrimaryRuleSet,Update,"Oct 13, 2024, 06:12:12 AM",AswathyNagarajan,"Oct 13, 2024, 06:14:29 AM",AswathyNagarajan,9d5a78e2-a649-4d93-aa30-c908e2bdc916,CDGC://9d5a78e2-a649-4d93-aa30-c908e2bdc916,CDGC
DQO-62,DQRO_Phone_Num,,-,Published,Weekly,Phone,2025-03-11T06:28:16.796,et2abLzXCA1eqT1Gh2EvU5,70.00,0,Accuracy,InformaticaCloudDataQuality,60.00,100,Medium,90.00,cfa1607c-c25f-3b19-aea0-620772515651://XE/B2B_DWH/EMPLOYEES/PHONE_NUMBER~com.infa.odin.models.relational.Column,"",,,,,"","","","",,Oracle_Sanjai/XE/B2B_DWH/EMPLOYEES/PHONE_NUMBER/DQRO_Phone_Num,Update,"Mar 11, 2025, 05:58:25 AM",Sanjai,"Mar 11, 2025, 06:28:16 AM",Sanjai,a54f3e2f-39bd-426b-8b79-0d91a490a422,cfa1607c-c25f-3b19-aea0-620772515651://cfa1607c-c25f-3b19-aea0-620772515651/XE/B2B_DWH/EMPLOYEES/PHONE_NUMBER/a54f3e2f-39bd-426b-8b79-0d91a490a422,cfa1607c-c25f-3b19-aea0-620772515651
DQO-58,RO_AGE_NULL,,Test Null,Published,Weekly,Name,,7jMc4boSYaSgBCuuO1rUMb,70.00,,Completeness,InformaticaCloudDataQuality,,,Medium,90.00,a1e9a897-c0aa-366a-be3c-b0bbdaa46963://TEST/dbo/onlinefoods/Age~com.infa.odin.models.relational.Column,"",,aslinr;AswathyNagarajan,,jepsonjr;dharshinic,"","","","",Assigned,test_sherin/TEST/dbo/onlinefoods/Age/RO_AGE_NULL,Update,"Feb 03, 2025, 09:37:54 AM",AswathyNagarajan,"Feb 03, 2025, 09:40:19 AM",AswathyNagarajan,aad3baac-dd92-40e3-8099-14a5cb4fb5a0,a1e9a897-c0aa-366a-be3c-b0bbdaa46963://a1e9a897-c0aa-366a-be3c-b0bbdaa46963/TEST/dbo/onlinefoods/Age/aad3baac-dd92-40e3-8099-14a5cb4fb5a0,a1e9a897-c0aa-366a-be3c-b0bbdaa46963
DQO-63,_john_DQRO_Verify_Account_Number,,-,Published,Weekly,,2025-03-19T13:01:47.91,e5sQuFiJHSCf4IvtwY0AqG,70.00,2,Completeness,InformaticaCloudDataQuality,80.00,10,High,90.00,599ac44a-6e23-36ab-85f2-b52fcbc8bd27://john/dbo/BankAccount/AccountNumber~com.infa.odin.models.relational.Column,"",,,abish,,"","","","",Assigned,_john_MainDB_SQL/john/dbo/BankAccount/AccountNumber/_john_DQRO_Verify_Account_Number,Update,"Mar 11, 2025, 06:05:39 AM",abish,"Mar 19, 2025, 01:04:38 PM",abish,b1244a7e-810a-4e61-bb6f-25c3c39dde5a,599ac44a-6e23-36ab-85f2-b52fcbc8bd27://599ac44a-6e23-36ab-85f2-b52fcbc8bd27/john/dbo/BankAccount/AccountNumber/b1244a7e-810a-4e61-bb6f-25c3c39dde5a,599ac44a-6e23-36ab-85f2-b52fcbc8bd27
DQO-97,DQRO_Provider,,-,Published,Weekly,,2025-03-19T13:01:43.825,0q44jO9ykoshTdImYUTH4m,70.00,1,Completeness,InformaticaCloudDataQuality,90.00,10,Medium,90.00,599ac44a-6e23-36ab-85f2-b52fcbc8bd27://john/dbo/Insurance/Provider~com.infa.odin.models.relational.Column,"",,,,,"","","","",,_john_MainDB_SQL/john/dbo/Insurance/Provider/DQRO_Provider,Update,"Mar 19, 2025, 11:56:25 AM",AshikaA,"Mar 19, 2025, 01:04:38 PM",abish,b28c8f51-6c26-4ffe-aa74-1a5b2c0bbb4b,599ac44a-6e23-36ab-85f2-b52fcbc8bd27://599ac44a-6e23-36ab-85f2-b52fcbc8bd27/john/dbo/Insurance/Provider/b28c8f51-6c26-4ffe-aa74-1a5b2c0bbb4b,599ac44a-6e23-36ab-85f2-b52fcbc8bd27
DQO-54,emp1_occurrence,,-,Published,Weekly,,2025-01-15T08:13:26.977,gMsw329ItsCky42x5myZi4,70.00,2,Validity,InformaticaCloudDataQuality,80.00,10,Medium,90.00,c36d6076-b124-3914-9098-39077686e6f2://XE/DEMO/H_EMPLOYEES/FIRST_NAME~com.infa.odin.models.relational.Column,"",,beenu,,,"","","","",Assigned,emp1_b/XE/DEMO/H_EMPLOYEES/FIRST_NAME/emp1_occurrence,Update,"Jan 15, 2025, 07:05:52 AM",beenu,"Jan 15, 2025, 08:15:29 AM",beenu,bb5d626b-01fd-48bb-b51a-237bacdc93a5,c36d6076-b124-3914-9098-39077686e6f2://c36d6076-b124-3914-9098-39077686e6f2/XE/DEMO/H_EMPLOYEES/FIRST_NAME/bb5d626b-01fd-48bb-b51a-237bacdc93a5,c36d6076-b124-3914-9098-39077686e6f2
DQO-102,DQRO_HireDate,,-,Published,Weekly,,2025-03-19T13:01:45.322,0PbMC4XwKlzaZRRNFx79Sv,70.00,0,Validity,InformaticaCloudDataQuality,100.00,17,Medium,90.00,599ac44a-6e23-36ab-85f2-b52fcbc8bd27://john/dbo/Employees/HireDate~com.infa.odin.models.relational.Column,"",,,,,"","","","",,_john_MainDB_SQL/john/dbo/Employees/HireDate/DQRO_HireDate,Update,"Mar 19, 2025, 12:06:37 PM",AshikaA,"Mar 19, 2025, 01:04:38 PM",abish,bbb71d77-437d-415d-8f78-59a734bd5e70,599ac44a-6e23-36ab-85f2-b52fcbc8bd27://599ac44a-6e23-36ab-85f2-b52fcbc8bd27/john/dbo/Employees/HireDate/bbb71d77-437d-415d-8f78-59a734bd5e70,599ac44a-6e23-36ab-85f2-b52fcbc8bd27
DQO-23,DQRQ_Email,,-,Published,Weekly,,,gYE2WzNPTUrigftE98mCWg,70.00,,Validity,InformaticaCloudDataQuality,,,Medium,90.00,26501ce2-8229-38e9-8434-db3be7a64055://Xe/B2B_DWH/EMPLOYEES_AS/EMAIL~com.infa.odin.models.relational.Column,"",,anfeezas,kaviya,,"","","","",Assigned,AS_Oracle/Xe/B2B_DWH/EMPLOYEES_AS/EMAIL/DQRQ_Email,Update,"Sep 30, 2024, 01:16:05 PM",anfeezas,"Sep 30, 2024, 01:16:05 PM",anfeezas,c6db19e1-6b81-4cf3-a114-b097104befcd,26501ce2-8229-38e9-8434-db3be7a64055://26501ce2-8229-38e9-8434-db3be7a64055/Xe/B2B_DWH/EMPLOYEES_AS/EMAIL/c6db19e1-6b81-4cf3-a114-b097104befcd,26501ce2-8229-38e9-8434-db3be7a64055
DQO-71,Test1,,-,Published,,NewInput1,2025-03-20T07:33:04.73,0PbMC4XwKlzaZRRNFx79Sv,70.00,0,Completeness,InformaticaCloudDataQuality,100.00,7,Medium,90.00,47a502d9-2ef5-316a-ae23-8e12cf8cdcb3://XE/DEMO/LOCATION2/LOCATION_ID~com.infa.odin.models.relational.Column,"",,,,,"","","","",,beenu_emp_catlog/XE/DEMO/LOCATION2/LOCATION_ID/Test1,Update,"Mar 13, 2025, 01:50:26 PM",fiya,"Mar 20, 2025, 07:35:00 AM",infa_admin,ef27f971-b3e2-423c-ac02-b9c058ba7b43,47a502d9-2ef5-316a-ae23-8e12cf8cdcb3://47a502d9-2ef5-316a-ae23-8e12cf8cdcb3/XE/DEMO/LOCATION2/LOCATION_ID/ef27f971-b3e2-423c-ac02-b9c058ba7b43,47a502d9-2ef5-316a-ae23-8e12cf8cdcb3
DQO-94,DQRO_PersonID,,-,Published,Weekly,,2025-03-19T13:01:43.825,0q44jO9ykoshTdImYUTH4m,70.00,1,Consistency,InformaticaCloudDataQuality,90.00,10,Medium,90.00,599ac44a-6e23-36ab-85f2-b52fcbc8bd27://john/dbo/Insurance/PersonID~com.infa.odin.models.relational.Column,"",,,,,"","","","",,_john_MainDB_SQL/john/dbo/Insurance/PersonID/DQRO_PersonID,Update,"Mar 19, 2025, 11:50:22 AM",AshikaA,"Mar 19, 2025, 01:04:38 PM",abish,03501276-a93d-4b2f-b508-89b82356e5f4,599ac44a-6e23-36ab-85f2-b52fcbc8bd27://599ac44a-6e23-36ab-85f2-b52fcbc8bd27/john/dbo/Insurance/PersonID/03501276-a93d-4b2f-b508-89b82356e5f4,599ac44a-6e23-36ab-85f2-b52fcbc8bd27
0ccc3f3c-10b9-4e2b-aa48-c3cf9e42f3f6,Validity_EMP_ID_PrimaryRuleSet,TEST,"",Published,Daily,,,5b70XnP91GgfKySjyMBAmR,84.00,,Validity,InformaticaCloudDataQuality,,,High,95.00,,"",,,Manoj11,,"","","","",Assigned,Validity_EMP_ID_PrimaryRuleSet,Update,"Mar 16, 2025, 10:05:48 AM",Manoj11,"Mar 16, 2025, 10:05:51 AM",Manoj11,0c6bbf2c-7d3b-4030-a73e-259f505b730f,CDGC://0c6bbf2c-7d3b-4030-a73e-259f505b730f,CDGC
DQO-73,DQRO_Valid_Balance,,-,Published,Weekly,,2025-03-19T13:01:47.91,84VnfhBaKrJfV70AYwR22s,70.00,1,Validity,InformaticaCloudDataQuality,90.00,10,Medium,90.00,599ac44a-6e23-36ab-85f2-b52fcbc8bd27://john/dbo/BankAccount/Balance~com.infa.odin.models.relational.Column,"",,,,,"","","","",,_john_MainDB_SQL/john/dbo/BankAccount/Balance/DQRO_Valid_Balance,Update,"Mar 18, 2025, 06:42:30 AM",abish,"Mar 19, 2025, 01:04:38 PM",abish,10312173-9305-4c5d-aa7e-5c69c8230bb7,599ac44a-6e23-36ab-85f2-b52fcbc8bd27://599ac44a-6e23-36ab-85f2-b52fcbc8bd27/john/dbo/BankAccount/Balance/10312173-9305-4c5d-aa7e-5c69c8230bb7,599ac44a-6e23-36ab-85f2-b52fcbc8bd27
DQO-72,DQRO-Email JG,,-,Published,Weekly,,2025-04-03T14:08:55.429,093i253Ks4DiwbxjYMXqaj,70.00,5,Validity,InformaticaCloudDataQuality,98.33,301,Medium,90.00,6133b417-e9a5-31f8-8199-c7555204891e://XE/DEMO/CUSTOMER_DETAILS_JG/EMAIL~com.infa.odin.models.relational.Column,"",,,Juli,,"","","","",Assigned,ORCL_Customer_details/XE/DEMO/CUSTOMER_DETAILS_JG/EMAIL/DQRO-Email JG,Update,"Mar 16, 2025, 06:20:22 AM",Juli,"Apr 03, 2025, 02:10:17 PM",Juli,1d5601cb-cccd-45de-bef2-62ace36a8ea9,6133b417-e9a5-31f8-8199-c7555204891e://6133b417-e9a5-31f8-8199-c7555204891e/XE/DEMO/CUSTOMER_DETAILS_JG/EMAIL/1d5601cb-cccd-45de-bef2-62ace36a8ea9,6133b417-e9a5-31f8-8199-c7555204891e
DQO-32,Validity phone number,,Phone number should be valid format like '999.999.9999',Published,Weekly,PHONE_NUMBER,2024-10-08T07:42:29.775,a9Ls3oJ033yjClzzkEddcI,70.00,106,Validity,InformaticaCloudDataQuality,13.82,123,Medium,90.00,4e959567-3f59-3072-9531-3e36c6219e2f://xe/TARGET/EMPLOYEES_TGT/PHONE_NUMBER~com.infa.odin.models.relational.Column,"",,,infa_admin,,"","","","",Assigned,Target-Filco/xe/TARGET/EMPLOYEES_TGT/PHONE_NUMBER/Validity phone number,Update,"Oct 08, 2024, 06:56:21 AM",infa_admin,"Oct 08, 2024, 07:46:45 AM",infa_admin,317688fa-dc00-4b74-a3b1-26d6e963067e,4e959567-3f59-3072-9531-3e36c6219e2f://4e959567-3f59-3072-9531-3e36c6219e2f/xe/TARGET/EMPLOYEES_TGT/PHONE_NUMBER/317688fa-dc00-4b74-a3b1-26d6e963067e,4e959567-3f59-3072-9531-3e36c6219e2f
DQO-106,DQRO_PhoneNumber,,-,Published,Weekly,,2025-03-19T13:01:45.322,0PbMC4XwKlzaZRRNFx79Sv,70.00,0,Validity,InformaticaCloudDataQuality,100.00,17,Medium,90.00,599ac44a-6e23-36ab-85f2-b52fcbc8bd27://john/dbo/Employees/PhoneNumber~com.infa.odin.models.relational.Column,"",,,,,"","","","",,_john_MainDB_SQL/john/dbo/Employees/PhoneNumber/DQRO_PhoneNumber,Update,"Mar 19, 2025, 12:12:16 PM",AshikaA,"Mar 19, 2025, 01:04:38 PM",abish,4c7eca27-afe7-4226-868f-8616d3161c4b,599ac44a-6e23-36ab-85f2-b52fcbc8bd27://599ac44a-6e23-36ab-85f2-b52fcbc8bd27/john/dbo/Employees/PhoneNumber/4c7eca27-afe7-4226-868f-8616d3161c4b,599ac44a-6e23-36ab-85f2-b52fcbc8bd27
DQO-56,emp2_occurence,,-,Published,Weekly,,2025-01-20T05:40:23.698,gMsw329ItsCky42x5myZi4,70.00,0,Completeness,InformaticaCloudDataQuality,60.00,100,Medium,90.00,c36d6076-b124-3914-9098-39077686e6f2://XE/DEMO/H_EMPLOYEES/LAST_NAME~com.infa.odin.models.relational.Column,"",,,,,"","","","",,emp1_b/XE/DEMO/H_EMPLOYEES/LAST_NAME/emp2_occurence,Update,"Jan 15, 2025, 07:53:59 AM",beenu,"Jan 20, 2025, 05:40:23 AM",beenu,5eb7bbe0-7fe3-4b06-bfe7-598cc1abd897,c36d6076-b124-3914-9098-39077686e6f2://c36d6076-b124-3914-9098-39077686e6f2/XE/DEMO/H_EMPLOYEES/LAST_NAME/5eb7bbe0-7fe3-4b06-bfe7-598cc1abd897,c36d6076-b124-3914-9098-39077686e6f2
DQO-65,beenu_ruleOc_name,,-,Published,Weekly,NewInput1,2025-04-03T14:12:14.163,5b70XnP91GgfKySjyMBAmR,70.00,0,Validity,InformaticaCloudDataQuality,100.00,6,High,90.00,47a502d9-2ef5-316a-ae23-8e12cf8cdcb3://XE/DEMO/BEENU_EMP/FIRSTNAME~com.infa.odin.models.relational.Column,"",beenu,,,,"","","","",Assigned,beenu_emp_catlog/XE/DEMO/BEENU_EMP/FIRSTNAME/beenu_ruleOc_name,Update,"Mar 12, 2025, 07:55:44 AM",beenu,"Apr 03, 2025, 02:13:42 PM",beenu,7f4b4eb1-fcaa-4a0e-94e7-2485993a1ed3,47a502d9-2ef5-316a-ae23-8e12cf8cdcb3://47a502d9-2ef5-316a-ae23-8e12cf8cdcb3/XE/DEMO/BEENU_EMP/FIRSTNAME/7f4b4eb1-fcaa-4a0e-94e7-2485993a1ed3,47a502d9-2ef5-316a-ae23-8e12cf8cdcb3
DQO-74,Data Quality Rule Occurrence Test,,Phone number cannot be empty.,Published,Weekly,,,52ZQdS1u8i6eoTWq01ivyZ,70.00,,Completeness,InformaticaCloudDataQuality,,,Medium,90.00,599ac44a-6e23-36ab-85f2-b52fcbc8bd27://WideWorldImporters/Sales/Invoices/AccountsPersonID~com.infa.odin.models.relational.Column,"",infa_admin,,,,"","","","",Assigned,_john_MainDB_SQL/WideWorldImporters/Sales/Invoices/AccountsPersonID/Data Quality Rule Occurrence Test,Update,"Mar 18, 2025, 06:42:46 AM",infa_admin,"Mar 18, 2025, 06:42:50 AM",infa_admin,81a5192a-79d3-4c0b-b359-57061b6f2f10,599ac44a-6e23-36ab-85f2-b52fcbc8bd27://599ac44a-6e23-36ab-85f2-b52fcbc8bd27/WideWorldImporters/Sales/Invoices/AccountsPersonID/81a5192a-79d3-4c0b-b359-57061b6f2f10,599ac44a-6e23-36ab-85f2-b52fcbc8bd27
DQO-69,RO_name check,,"",Published,,,2025-03-20T07:33:06.303,ezvoXcauFeiiiNcGwmQqof,70.00,0,Completeness,InformaticaCloudDataQuality,100.00,6,,90.00,47a502d9-2ef5-316a-ae23-8e12cf8cdcb3://XE/DEMO/BEENU_EMP/EMP_ID~com.infa.odin.models.relational.Column,"",,,,,"","","","",,beenu_emp_catlog/XE/DEMO/BEENU_EMP/EMP_ID/RO_name check,Update,"Mar 13, 2025, 01:43:23 PM",Manoj11,"Mar 20, 2025, 07:35:00 AM",infa_admin,89bc08fb-2413-4f84-a84a-b3b9f52695d5,47a502d9-2ef5-316a-ae23-8e12cf8cdcb3://47a502d9-2ef5-316a-ae23-8e12cf8cdcb3/XE/DEMO/BEENU_EMP/EMP_ID/89bc08fb-2413-4f84-a84a-b3b9f52695d5,47a502d9-2ef5-316a-ae23-8e12cf8cdcb3
DQO-34,Rule_Null_test,,-,Published,Weekly,,2025-01-17T05:19:27.244,3N1Mj7Ju74SesLipPhCrGL,70.00,0,Completeness,InformaticaCloudDataQuality,60.00,100,Medium,90.00,4e959567-3f59-3072-9531-3e36c6219e2f://xe/TARGET/EMPLOYEES_TGT/LAST_NAME~com.infa.odin.models.relational.Column,"",,,infa_admin,,"","","","",Inherited,Target-Filco/xe/TARGET/EMPLOYEES_TGT/LAST_NAME/Rule_Null_test,Update,"Oct 10, 2024, 11:54:24 AM",infa_data,"Jan 17, 2025, 05:19:27 AM",HannibalHenry,8a60afd2-231b-4b56-8260-65b9d7fc9358,4e959567-3f59-3072-9531-3e36c6219e2f://4e959567-3f59-3072-9531-3e36c6219e2f/xe/TARGET/EMPLOYEES_TGT/LAST_NAME/8a60afd2-231b-4b56-8260-65b9d7fc9358,4e959567-3f59-3072-9531-3e36c6219e2f
dfc67ca9-5afa-466e-8bf2-8df7522fcb1d,Completeness_EMP_ID_PrimaryRuleSet,test,"",Published,Daily,,,8XwoOBhWxyaksVKvxqwK2B,84.00,,Completeness,InformaticaCloudDataQuality,,,High,95.00,,"",,,RiswinT,,"","","","",Assigned,Completeness_EMP_ID_PrimaryRuleSet,Update,"Mar 16, 2025, 05:52:00 AM",RiswinT,"Mar 16, 2025, 05:52:03 AM",RiswinT,8b4517fd-29e9-4b2b-bfcd-5dde41550d7d,CDGC://8b4517fd-29e9-4b2b-bfcd-5dde41550d7d,CDGC
Auto-5684d11e-e84d-4245-8d59-d36ad754214b-96874c8f-23d0-4f6a-bc67-4955e34b137f,Auto-AccountID-Validity- Rule Template_john_BT_Bank_Name,"","",Published,Weekly,,2025-03-19T13:01:47.91,1gbVf96E8IQbD0J5DWmAiw,70.00,0,Validity,InformaticaCloudDataQuality,100.00,10,Medium,90.00,599ac44a-6e23-36ab-85f2-b52fcbc8bd27://john/dbo/BankAccount/AccountID~com.infa.odin.models.relational.Column,"",,,,,"","","","",,_john_MainDB_SQL/john/dbo/BankAccount/AccountID/Auto-AccountID-Validity- Rule Template_john_BT_Bank_Name,Update,"Mar 18, 2025, 11:56:58 AM",infa_admin,"Mar 19, 2025, 01:04:38 PM",abish,90313932-5e40-4a52-8c1e-6e4e2c17028e,599ac44a-6e23-36ab-85f2-b52fcbc8bd27://599ac44a-6e23-36ab-85f2-b52fcbc8bd27/john/dbo/BankAccount/AccountID/90313932-5e40-4a52-8c1e-6e4e2c17028e,599ac44a-6e23-36ab-85f2-b52fcbc8bd27
DQO-105,DQRO_ManagerID,,-,Published,Weekly,,2025-03-19T13:01:45.322,0PbMC4XwKlzaZRRNFx79Sv,70.00,8,Consistency,InformaticaCloudDataQuality,52.94,17,Medium,90.00,599ac44a-6e23-36ab-85f2-b52fcbc8bd27://john/dbo/Employees/ManagerID~com.infa.odin.models.relational.Column,"",,,,,"","","","",,_john_MainDB_SQL/john/dbo/Employees/ManagerID/DQRO_ManagerID,Update,"Mar 19, 2025, 12:10:47 PM",AshikaA,"Mar 19, 2025, 01:04:38 PM",abish,9840ecbf-a431-4588-b763-72b0ab2463d7,599ac44a-6e23-36ab-85f2-b52fcbc8bd27://599ac44a-6e23-36ab-85f2-b52fcbc8bd27/john/dbo/Employees/ManagerID/9840ecbf-a431-4588-b763-72b0ab2463d7,599ac44a-6e23-36ab-85f2-b52fcbc8bd27
DQO-90,DQRO_CityName,,-,Published,Weekly,,2025-03-19T13:01:40.241,0PbMC4XwKlzaZRRNFx79Sv,70.00,0,Consistency,InformaticaCloudDataQuality,100.00,6,Medium,90.00,599ac44a-6e23-36ab-85f2-b52fcbc8bd27://john/dbo/District/CityName~com.infa.odin.models.relational.Column,"",,,,,"","","","",,_john_MainDB_SQL/john/dbo/District/CityName/DQRO_CityName,Update,"Mar 19, 2025, 11:37:38 AM",AshikaA,"Mar 19, 2025, 01:04:38 PM",abish,a162fa74-e75f-4930-9190-0074dfdae118,599ac44a-6e23-36ab-85f2-b52fcbc8bd27://599ac44a-6e23-36ab-85f2-b52fcbc8bd27/john/dbo/District/CityName/a162fa74-e75f-4930-9190-0074dfdae118,599ac44a-6e23-36ab-85f2-b52fcbc8bd27
DQO-36,Null Check,,-,Published,Weekly,,2024-10-22T10:14:16.229,3N1Mj7Ju74SesLipPhCrGL,70.00,88,Completeness,InformaticaCloudDataQuality,27.86,122,Medium,90.00,fac0394d-8220-3feb-8b15-dfcd7d2c6f85://SQL_Employees_Data/dbo/Emp_Department_SQL/COMMISSION_PCT~com.infa.odin.models.relational.Column,"",,,infa_admin,,"","","","",Assigned,Filco_SQL_Server/SQL_Employees_Data/dbo/Emp_Department_SQL/COMMISSION_PCT/Null Check,Update,"Oct 22, 2024, 09:57:45 AM",infa_admin,"Oct 22, 2024, 10:16:04 AM",infa_admin,ad2f14ee-771b-4395-bab4-7a90301040fe,fac0394d-8220-3feb-8b15-dfcd7d2c6f85://fac0394d-8220-3feb-8b15-dfcd7d2c6f85/SQL_Employees_Data/dbo/Emp_Department_SQL/COMMISSION_PCT/ad2f14ee-771b-4395-bab4-7a90301040fe,fac0394d-8220-3feb-8b15-dfcd7d2c6f85
DQO-76,DQRO_Valid_AccountNo,,-,Published,Weekly,,,e5sQuFiJHSCf4IvtwY0AqG,70.00,,Completeness,InformaticaCloudDataQuality,,,Medium,90.00,599ac44a-6e23-36ab-85f2-b52fcbc8bd27://john/dbo/BankAccount/AccountNumber~com.infa.odin.models.relational.Column,"",,,,,"","","","",,_john_MainDB_SQL/john/dbo/BankAccount/AccountNumber/DQRO_Valid_AccountNo,Update,"Mar 18, 2025, 06:44:08 AM",abish,"Mar 18, 2025, 06:44:08 AM",abish,baae99ae-984a-4e21-85bc-5fcdcb2009e9,599ac44a-6e23-36ab-85f2-b52fcbc8bd27://599ac44a-6e23-36ab-85f2-b52fcbc8bd27/john/dbo/BankAccount/AccountNumber/baae99ae-984a-4e21-85bc-5fcdcb2009e9,599ac44a-6e23-36ab-85f2-b52fcbc8bd27
DQO-75,DQRO_Valid_Name,,-,Published,Weekly,,2025-03-19T13:01:47.91,5b70XnP91GgfKySjyMBAmR,70.00,0,Accuracy,InformaticaCloudDataQuality,100.00,10,Medium,90.00,599ac44a-6e23-36ab-85f2-b52fcbc8bd27://john/dbo/BankAccount/BankName~com.infa.odin.models.relational.Column,"",,,,,"","","","",,_john_MainDB_SQL/john/dbo/BankAccount/BankName/DQRO_Valid_Name,Update,"Mar 18, 2025, 06:43:20 AM",abish,"Mar 19, 2025, 01:04:38 PM",abish,beb751ed-9526-411e-ae8b-413ccabac2f3,599ac44a-6e23-36ab-85f2-b52fcbc8bd27://599ac44a-6e23-36ab-85f2-b52fcbc8bd27/john/dbo/BankAccount/BankName/beb751ed-9526-411e-ae8b-413ccabac2f3,599ac44a-6e23-36ab-85f2-b52fcbc8bd27
DQO-79,DQRO_licence_Plate,,-,Published,Weekly,,,ahxdk6MaLOXeFZyPTDEV0d,70.00,,Completeness,InformaticaCloudDataQuality,,,Medium,90.00,599ac44a-6e23-36ab-85f2-b52fcbc8bd27://john/dbo/VehicleOwnership/LicensePlate~com.infa.odin.models.relational.Column,"",,,,,"","","","",,_john_MainDB_SQL/john/dbo/VehicleOwnership/LicensePlate/DQRO_licence_Plate,Update,"Mar 19, 2025, 10:41:13 AM",abish,"Mar 19, 2025, 10:41:13 AM",abish,c5eef7b8-96b7-4dd2-be94-0f66cdf8c2e8,599ac44a-6e23-36ab-85f2-b52fcbc8bd27://599ac44a-6e23-36ab-85f2-b52fcbc8bd27/john/dbo/VehicleOwnership/LicensePlate/c5eef7b8-96b7-4dd2-be94-0f66cdf8c2e8,599ac44a-6e23-36ab-85f2-b52fcbc8bd27
DQO-70,RO_email check,,"",Published,,,2025-03-20T07:33:06.303,ezvoXcauFeiiiNcGwmQqof,70.00,0,Completeness,InformaticaCloudDataQuality,100.00,6,,90.00,47a502d9-2ef5-316a-ae23-8e12cf8cdcb3://XE/DEMO/BEENU_EMP/CONTACT~com.infa.odin.models.relational.Column,"",,,,,"","","","",,beenu_emp_catlog/XE/DEMO/BEENU_EMP/CONTACT/RO_email check,Update,"Mar 13, 2025, 01:43:23 PM",Manoj11,"Mar 20, 2025, 07:35:00 AM",infa_admin,c60a3d2f-ab88-4d84-86fe-1fa4ea0edb9b,47a502d9-2ef5-316a-ae23-8e12cf8cdcb3://47a502d9-2ef5-316a-ae23-8e12cf8cdcb3/XE/DEMO/BEENU_EMP/CONTACT/c60a3d2f-ab88-4d84-86fe-1fa4ea0edb9b,47a502d9-2ef5-316a-ae23-8e12cf8cdcb3
DQO-52,RO_Name,,-,Published,Weekly,,2025-01-13T10:56:04.566,ezvoXcauFeiiiNcGwmQqof,70.00,2,Validity,InformaticaCloudDataQuality,80.00,10,Medium,90.00,3928929f-8274-363f-92c8-28cf9da3c54a://XE/DEMO/H_EMPLOYEES/FIRST_NAME~com.infa.odin.models.relational.Column,"",,HannibalHenry,,,"","","","",Assigned,hanni_test2/XE/DEMO/H_EMPLOYEES/FIRST_NAME/RO_Name,Update,"Jan 13, 2025, 10:47:17 AM",HannibalHenry,"Jan 13, 2025, 10:59:01 AM",HannibalHenry,e1b9a090-e27c-4382-9fd8-e208f7aa0504,3928929f-8274-363f-92c8-28cf9da3c54a://3928929f-8274-363f-92c8-28cf9da3c54a/XE/DEMO/H_EMPLOYEES/FIRST_NAME/e1b9a090-e27c-4382-9fd8-e208f7aa0504,3928929f-8274-363f-92c8-28cf9da3c54a
Auto-92d86d48-fc76-482f-833e-83946f713c2b-cb494652-5278-4f98-b2ef-a25a8066ba36,Auto-City-Completeness-Null check Data Quality Rule Template,Null check Data Quality Rule Template,"",Published,Weekly,,2025-03-30T13:21:23.432,4d0gnaeCezslQyJoUMvm4a,70.00,1,Completeness,InformaticaCloudDataQuality,90.00,10,Medium,90.00,53918daa-3488-37e4-bc7a-37d304cc4e5f://john/dbo/Address/City~com.infa.odin.models.relational.Column,"",,,,,"","","","",,SQL Test/john/dbo/Address/City/Auto-City-Completeness-Null check Data Quality Rule Template,Update,"Mar 23, 2025, 10:17:52 AM",infa_admin,"Mar 30, 2025, 01:23:27 PM",infa_admin,edc1867f-86d4-4e5e-8aa0-4ac2445c8635,53918daa-3488-37e4-bc7a-37d304cc4e5f://53918daa-3488-37e4-bc7a-37d304cc4e5f/john/dbo/Address/City/edc1867f-86d4-4e5e-8aa0-4ac2445c8635,53918daa-3488-37e4-bc7a-37d304cc4e5f
DQO-81,DQRO_Model,,-,Published,Weekly,,2025-03-19T13:01:36.206,0PbMC4XwKlzaZRRNFx79Sv,70.00,0,Consistency,InformaticaCloudDataQuality,100.00,10,Medium,90.00,599ac44a-6e23-36ab-85f2-b52fcbc8bd27://john/dbo/VehicleOwnership/Model~com.infa.odin.models.relational.Column,"",,,,,"","","","",,_john_MainDB_SQL/john/dbo/VehicleOwnership/Model/DQRO_Model,Update,"Mar 19, 2025, 11:00:09 AM",AshikaA,"Mar 19, 2025, 01:04:38 PM",abish,f1261b74-5ad3-4ad0-9a26-595046ffda6d,599ac44a-6e23-36ab-85f2-b52fcbc8bd27://599ac44a-6e23-36ab-85f2-b52fcbc8bd27/john/dbo/VehicleOwnership/Model/f1261b74-5ad3-4ad0-9a26-595046ffda6d,599ac44a-6e23-36ab-85f2-b52fcbc8bd27
DQO-13,DQR0_CountryId_Accuracy,,The rule used to check whether the CountryCode is accurate.,Published,,,2024-10-01T06:18:17.299,3ZyeIbYtxLubyJz7SgI7KZ,60.00,25,Accuracy,InformaticaCloudDataQuality,0.00,25,Medium,80.00,b68dfe13-48bf-377d-8362-6c5fb2c83697://xe/HR/COUNTRIES/COUNTRY_NAME~com.infa.odin.models.relational.Column,"",,,AswathyNagarajan,,"","","","",Assigned,Oracle_HR/xe/HR/COUNTRIES/COUNTRY_NAME/DQR0_CountryId_Accuracy,Update,"Sep 25, 2024, 12:30:01 PM",kaviya,"Oct 01, 2024, 06:20:05 AM",kaviya,fef2cebe-b77f-46d3-9d42-806fb425e8c2,b68dfe13-48bf-377d-8362-6c5fb2c83697://b68dfe13-48bf-377d-8362-6c5fb2c83697/xe/HR/COUNTRIES/COUNTRY_NAME/fef2cebe-b77f-46d3-9d42-806fb425e8c2,b68dfe13-48bf-377d-8362-6c5fb2c83697
DQO-104,DQRO_LastName,,-,Published,Weekly,,2025-03-19T13:01:45.322,0q44jO9ykoshTdImYUTH4m,70.00,0,Completeness,InformaticaCloudDataQuality,100.00,17,Medium,90.00,599ac44a-6e23-36ab-85f2-b52fcbc8bd27://john/dbo/Employees/LastName~com.infa.odin.models.relational.Column,"",,,,,"","","","",,_john_MainDB_SQL/john/dbo/Employees/LastName/DQRO_LastName,Update,"Mar 19, 2025, 12:09:07 PM",AshikaA,"Mar 19, 2025, 01:04:38 PM",abish,05dc61d6-fd0c-40c1-850b-e17e180cbc60,599ac44a-6e23-36ab-85f2-b52fcbc8bd27://599ac44a-6e23-36ab-85f2-b52fcbc8bd27/john/dbo/Employees/LastName/05dc61d6-fd0c-40c1-850b-e17e180cbc60,599ac44a-6e23-36ab-85f2-b52fcbc8bd27
DQO-96,DQRO_PolicyNumber,,-,Published,Weekly,,2025-03-19T13:01:43.825,0PbMC4XwKlzaZRRNFx79Sv,70.00,1,Uniqueness,InformaticaCloudDataQuality,90.00,10,Medium,90.00,599ac44a-6e23-36ab-85f2-b52fcbc8bd27://john/dbo/Insurance/PolicyNumber~com.infa.odin.models.relational.Column,"",,,,,"","","","",,_john_MainDB_SQL/john/dbo/Insurance/PolicyNumber/DQRO_PolicyNumber,Update,"Mar 19, 2025, 11:54:56 AM",AshikaA,"Mar 19, 2025, 01:04:38 PM",abish,14fee7a6-f346-4d6d-ba9c-3694a21ce976,599ac44a-6e23-36ab-85f2-b52fcbc8bd27://599ac44a-6e23-36ab-85f2-b52fcbc8bd27/john/dbo/Insurance/PolicyNumber/14fee7a6-f346-4d6d-ba9c-3694a21ce976,599ac44a-6e23-36ab-85f2-b52fcbc8bd27
DQO-61,DQRO_Email-Id,,Email cannot be empty,Published,Weekly,,2025-03-11T06:17:28.835,92NQeohq0tphxde5jeAJwq,70.00,2,Accuracy,InformaticaCloudDataQuality,95.55,45,Medium,90.00,cfa1607c-c25f-3b19-aea0-620772515651://XE/B2B_DWH/EMPLOYEES/EMAIL~com.infa.odin.models.relational.Column,"",,Sanjai,,,"","","","",Assigned,Oracle_Sanjai/XE/B2B_DWH/EMPLOYEES/EMAIL/DQRO_Email-Id,Update,"Mar 05, 2025, 07:39:11 AM",Sanjai,"Mar 11, 2025, 06:18:58 AM",Sanjai,260c2356-7499-41cf-ac27-0445387274dd,cfa1607c-c25f-3b19-aea0-620772515651://cfa1607c-c25f-3b19-aea0-620772515651/XE/B2B_DWH/EMPLOYEES/EMAIL/260c2356-7499-41cf-ac27-0445387274dd,cfa1607c-c25f-3b19-aea0-620772515651
DQO-110,DQRO_Degree,,-,Published,Weekly,,2025-03-27T14:17:05.13,0PbMC4XwKlzaZRRNFx79Sv,70.00,1,Consistency,InformaticaCloudDataQuality,90.00,10,Medium,90.00,599ac44a-6e23-36ab-85f2-b52fcbc8bd27://john/dbo/Education/Degree~com.infa.odin.models.relational.Column,"",,,,,"","","","",,_john_MainDB_SQL/john/dbo/Education/Degree/DQRO_Degree,Update,"Mar 19, 2025, 12:23:43 PM",AshikaA,"Mar 27, 2025, 02:24:46 PM",abish,33aaf364-d955-4415-96bf-0f4b2b41d2a0,599ac44a-6e23-36ab-85f2-b52fcbc8bd27://599ac44a-6e23-36ab-85f2-b52fcbc8bd27/john/dbo/Education/Degree/33aaf364-d955-4415-96bf-0f4b2b41d2a0,599ac44a-6e23-36ab-85f2-b52fcbc8bd27
DQO-51,DQRO-Zip Code,,-,Published,,,,58bMv1O0I1pdewxzZOzBWI,70.00,,Accuracy,InformaticaCloudDataQuality,,,Medium,90.00,e44b0aa4-850d-3b52-bb9d-c51b76196c15://Test_CDGC/dbo/employee/zipcode~com.infa.odin.models.relational.Column,"",,Selciya,,,"","","","",Assigned,Info Data Source/Test_CDGC/dbo/employee/zipcode/DQRO-Zip Code,Update,"Jan 13, 2025, 10:11:37 AM",Selciya,"Jan 13, 2025, 10:11:41 AM",Selciya,35fe653c-967e-4b00-a6ad-9b26380f2914,e44b0aa4-850d-3b52-bb9d-c51b76196c15://e44b0aa4-850d-3b52-bb9d-c51b76196c15/Test_CDGC/dbo/employee/zipcode/35fe653c-967e-4b00-a6ad-9b26380f2914,e44b0aa4-850d-3b52-bb9d-c51b76196c15
DQO-25,DQRQ_Salary,,-,Published,Weekly,,,5np4i9RQGNsjsiAoTXLwI7,70.00,,Accuracy,InformaticaCloudDataQuality,,,Medium,90.00,26501ce2-8229-38e9-8434-db3be7a64055://Xe/B2B_DWH/EMPLOYEES_AS/SALARY~com.infa.odin.models.relational.Column,"",,anfeezas,kaviya,,"","","","",Assigned,AS_Oracle/Xe/B2B_DWH/EMPLOYEES_AS/SALARY/DQRQ_Salary,Update,"Sep 30, 2024, 01:34:22 PM",anfeezas,"Sep 30, 2024, 01:34:22 PM",anfeezas,3ddc57cc-567d-4367-8808-ae89f3a92c35,26501ce2-8229-38e9-8434-db3be7a64055://26501ce2-8229-38e9-8434-db3be7a64055/Xe/B2B_DWH/EMPLOYEES_AS/SALARY/3ddc57cc-567d-4367-8808-ae89f3a92c35,26501ce2-8229-38e9-8434-db3be7a64055
DQO-107,DQRO_Salary,,-,Published,Weekly,,2025-03-19T13:01:45.322,5np4i9RQGNsjsiAoTXLwI7,70.00,0,Accuracy,InformaticaCloudDataQuality,100.00,17,Medium,90.00,599ac44a-6e23-36ab-85f2-b52fcbc8bd27://john/dbo/Employees/Salary~com.infa.odin.models.relational.Column,"",,,,,"","","","",,_john_MainDB_SQL/john/dbo/Employees/Salary/DQRO_Salary,Update,"Mar 19, 2025, 12:14:13 PM",AshikaA,"Mar 19, 2025, 01:04:38 PM",abish,46b35e29-c0eb-4985-89d8-268e4f61c927,599ac44a-6e23-36ab-85f2-b52fcbc8bd27://599ac44a-6e23-36ab-85f2-b52fcbc8bd27/john/dbo/Employees/Salary/46b35e29-c0eb-4985-89d8-268e4f61c927,599ac44a-6e23-36ab-85f2-b52fcbc8bd27
DQO-83,DQRO_VehicleID,,-,Published,Weekly,,2025-03-19T13:01:36.206,0PbMC4XwKlzaZRRNFx79Sv,70.00,0,Consistency,InformaticaCloudDataQuality,100.00,10,Medium,90.00,599ac44a-6e23-36ab-85f2-b52fcbc8bd27://john/dbo/VehicleOwnership/VehicleID~com.infa.odin.models.relational.Column,"",,,,,"","","","",,_john_MainDB_SQL/john/dbo/VehicleOwnership/VehicleID/DQRO_VehicleID,Update,"Mar 19, 2025, 11:08:44 AM",AshikaA,"Mar 19, 2025, 01:04:38 PM",abish,4a668115-b3de-4cde-9938-d9a4063efde1,599ac44a-6e23-36ab-85f2-b52fcbc8bd27://599ac44a-6e23-36ab-85f2-b52fcbc8bd27/john/dbo/VehicleOwnership/VehicleID/4a668115-b3de-4cde-9938-d9a4063efde1,599ac44a-6e23-36ab-85f2-b52fcbc8bd27
DQO-91,DQRO_CountryName,,-,Published,Weekly,,2025-03-19T13:01:40.241,0PbMC4XwKlzaZRRNFx79Sv,70.00,0,Consistency,InformaticaCloudDataQuality,100.00,6,Medium,90.00,599ac44a-6e23-36ab-85f2-b52fcbc8bd27://john/dbo/District/CountryName~com.infa.odin.models.relational.Column,"",,,,,"","","","",,_john_MainDB_SQL/john/dbo/District/CountryName/DQRO_CountryName,Update,"Mar 19, 2025, 11:39:21 AM",AshikaA,"Mar 19, 2025, 01:04:38 PM",abish,5ba0f19d-17f8-488c-989f-25a1c2dc7028,599ac44a-6e23-36ab-85f2-b52fcbc8bd27://599ac44a-6e23-36ab-85f2-b52fcbc8bd27/john/dbo/District/CountryName/5ba0f19d-17f8-488c-989f-25a1c2dc7028,599ac44a-6e23-36ab-85f2-b52fcbc8bd27
DQO-114,DQRO_PersonID,,-,Published,Weekly,,2025-03-27T14:17:05.13,0q44jO9ykoshTdImYUTH4m,70.00,1,Consistency,InformaticaCloudDataQuality,90.00,10,Medium,90.00,599ac44a-6e23-36ab-85f2-b52fcbc8bd27://john/dbo/Education/PersonID~com.infa.odin.models.relational.Column,"",,,,,"","","","",,_john_MainDB_SQL/john/dbo/Education/PersonID/DQRO_PersonID,Update,"Mar 19, 2025, 12:29:00 PM",AshikaA,"Mar 27, 2025, 02:24:46 PM",abish,6d256f32-dd4a-4c95-a053-a331169cd99b,599ac44a-6e23-36ab-85f2-b52fcbc8bd27://599ac44a-6e23-36ab-85f2-b52fcbc8bd27/john/dbo/Education/PersonID/6d256f32-dd4a-4c95-a053-a331169cd99b,599ac44a-6e23-36ab-85f2-b52fcbc8bd27
DQO-48,RO_Name,,-,Published,Weekly,NewInput1,,0q44jO9ykoshTdImYUTH4m,70.00,,Accuracy,InformaticaCloudDataQuality,,,Medium,90.00,968aa2f4-48bf-31e7-a4c7-804abbcea134://FileServer/D:/Book1.csv/Name~com.infa.odin.models.file.flat.FlatField,"",,,Jaishar,,"","","","",Assigned,SC_FF/File Server/D:/Book1.csv/Name/RO_Name,Update,"Jan 09, 2025, 09:47:44 AM",Jaishar,"Jan 09, 2025, 09:47:48 AM",Jaishar,72d28ebe-18c8-444a-8020-ad7bd0c2b0f8,968aa2f4-48bf-31e7-a4c7-804abbcea134://968aa2f4-48bf-31e7-a4c7-804abbcea134/File Server/D:/Book1.csv/Name/72d28ebe-18c8-444a-8020-ad7bd0c2b0f8,968aa2f4-48bf-31e7-a4c7-804abbcea134
DQO-64,ro name,,-,Published,Weekly,First_name,2025-03-27T14:07:55.063,5BMWnsoyhjodSsbf5eVECk,70.00,1,Accuracy,InformaticaCloudDataQuality,90.00,10,Medium,90.00,3159be39-6394-3476-8a7f-8a8dfb1e8ef5://john/dbo/Address/City~com.infa.odin.models.relational.Column,"",,,,,"","","","",,_john_CS_Address/john/dbo/Address/City/ro name,Update,"Mar 12, 2025, 07:10:02 AM",Jessica,"Mar 27, 2025, 02:09:29 PM",Jessica,7eba7dba-195b-4fa7-be76-2c47ab6c3d0b,3159be39-6394-3476-8a7f-8a8dfb1e8ef5://3159be39-6394-3476-8a7f-8a8dfb1e8ef5/john/dbo/Address/City/7eba7dba-195b-4fa7-be76-2c47ab6c3d0b,3159be39-6394-3476-8a7f-8a8dfb1e8ef5
9692dcd8-e010-4a86-991d-8dc555e6615f,Completeness_ENAME_PrimaryRuleSet,Test profile rule occurrence,"",Published,Daily,,2025-03-20T07:14:09.003,8XwoOBhWxyaksVKvxqwK2B,84.00,0,Completeness,InformaticaCloudDataQuality,100.00,14,High,95.00,47a502d9-2ef5-316a-ae23-8e12cf8cdcb3://XE/DEMO/BEENU_EMP/FIRSTNAME~com.infa.odin.models.relational.Column,"",,,infa_admin,,"","","","",Assigned,Completeness_ENAME_PrimaryRuleSet,Update,"Mar 20, 2025, 07:12:15 AM",infa_admin,"Mar 20, 2025, 07:14:08 AM",infa_admin,98723518-9488-47ba-997a-c7fcaa9b7dee,CDGC://98723518-9488-47ba-997a-c7fcaa9b7dee,CDGC
DQO-37,uniqueness check,,Phone number field should be 10 digits,Published,,,2024-10-22T10:14:16.229,igRqqDgOBUIfkVHBXd6YKc,70.00,122,Accuracy,InformaticaCloudDataQuality,0.00,122,Medium,90.00,fac0394d-8220-3feb-8b15-dfcd7d2c6f85://SQL_Employees_Data/dbo/Emp_Department_SQL/PHONE_NUMBER~com.infa.odin.models.relational.Column,"",,,infa_admin,,"","","","",Inherited,Filco_SQL_Server/SQL_Employees_Data/dbo/Emp_Department_SQL/PHONE_NUMBER/uniqueness check,Update,"Oct 22, 2024, 09:59:50 AM",infa_admin,"Oct 22, 2024, 10:16:04 AM",infa_admin,9e4f339d-6934-4ac1-a6f1-e73ed2979d65,fac0394d-8220-3feb-8b15-dfcd7d2c6f85://fac0394d-8220-3feb-8b15-dfcd7d2c6f85/SQL_Employees_Data/dbo/Emp_Department_SQL/PHONE_NUMBER/9e4f339d-6934-4ac1-a6f1-e73ed2979d65,fac0394d-8220-3feb-8b15-dfcd7d2c6f85
Auto-92d86d48-fc76-482f-833e-83946f713c2b-408f8c7f-0fc7-4e54-8372-146c59427056,Auto-CityName-Completeness-Null check Data Quality Rule Template,Null check Data Quality Rule Template,"",Published,Weekly,,2025-03-30T13:21:23.685,4d0gnaeCezslQyJoUMvm4a,70.00,0,Completeness,InformaticaCloudDataQuality,100.00,30,Medium,90.00,53918daa-3488-37e4-bc7a-37d304cc4e5f://john/dbo/City/CityName~com.infa.odin.models.relational.Column,"",,,,,"","","","",,SQL Test/john/dbo/City/CityName/Auto-CityName-Completeness-Null check Data Quality Rule Template,Update,"Mar 23, 2025, 10:17:52 AM",infa_admin,"Mar 30, 2025, 01:23:27 PM",infa_admin,a13c0ee0-57fb-4097-b6cc-749818ed92c5,53918daa-3488-37e4-bc7a-37d304cc4e5f://53918daa-3488-37e4-bc7a-37d304cc4e5f/john/dbo/City/CityName/a13c0ee0-57fb-4097-b6cc-749818ed92c5,53918daa-3488-37e4-bc7a-37d304cc4e5f
DQO-109,DQRO_RandomValue,,-,Published,Weekly,,2025-03-19T13:01:31.426,0q44jO9ykoshTdImYUTH4m,70.00,0,Accuracy,InformaticaCloudDataQuality,100.00,5,Medium,90.00,599ac44a-6e23-36ab-85f2-b52fcbc8bd27://john/dbo/CountryData/RandomValue~com.infa.odin.models.relational.Column,"",,,,,"","","","",,_john_MainDB_SQL/john/dbo/CountryData/RandomValue/DQRO_RandomValue,Update,"Mar 19, 2025, 12:19:07 PM",AshikaA,"Mar 19, 2025, 01:04:38 PM",abish,be5097c7-379a-4280-864a-48fc1dc84f1a,599ac44a-6e23-36ab-85f2-b52fcbc8bd27://599ac44a-6e23-36ab-85f2-b52fcbc8bd27/john/dbo/CountryData/RandomValue/be5097c7-379a-4280-864a-48fc1dc84f1a,599ac44a-6e23-36ab-85f2-b52fcbc8bd27
DQO-115,DQ Null,,-,Published,Weekly,MiddleName,,auekIKDOKcHknJcYYBUMwj,70.00,,Validity,InformaticaCloudDataQuality,,,Medium,90.00,3d5f6385-7347-3758-b665-16da3790e864://AdventureWorks/Person/Person/MiddleName~com.infa.odin.models.relational.Column,"",Goutham,,,,"","","","",Assigned,Goutham_SQL_Server/AdventureWorks/Person/Person/MiddleName/DQ Null,Update,"Mar 20, 2025, 11:42:38 AM",Goutham,"Mar 20, 2025, 11:42:42 AM",Goutham,c4e3095a-f170-4276-86bd-f8c83fa316b3,3d5f6385-7347-3758-b665-16da3790e864://3d5f6385-7347-3758-b665-16da3790e864/AdventureWorks/Person/Person/MiddleName/c4e3095a-f170-4276-86bd-f8c83fa316b3,3d5f6385-7347-3758-b665-16da3790e864
DQO-67,Test,,-,Published,,NewInput1,,0PbMC4XwKlzaZRRNFx79Sv,70.00,,Completeness,InformaticaCloudDataQuality,,,Medium,90.00,1671ab18-3793-3fab-b926-5b4850a3d449://XE/DEMO/EMPLOYEES/EMPLOYEE_ID~com.infa.odin.models.relational.Column,"",,,Ancy,,"","","","",Inherited,ACJ_Oracle_Employees_extract/XE/DEMO/EMPLOYEES/EMPLOYEE_ID/Test,Update,"Mar 13, 2025, 01:22:58 PM",fiya,"Mar 13, 2025, 01:22:58 PM",fiya,ca650e40-8c00-4a88-8e2e-5207ccd78192,1671ab18-3793-3fab-b926-5b4850a3d449://1671ab18-3793-3fab-b926-5b4850a3d449/XE/DEMO/EMPLOYEES/EMPLOYEE_ID/ca650e40-8c00-4a88-8e2e-5207ccd78192,1671ab18-3793-3fab-b926-5b4850a3d449
DQO-46,RO_Phone(Demo),,-,Published,Weekly,Phone,,et2abLzXCA1eqT1Gh2EvU5,70.00,,Validity,InformaticaCloudDataQuality,,,Medium,90.00,968aa2f4-48bf-31e7-a4c7-804abbcea134://FileServer/D:/Book1.csv/Phone~com.infa.odin.models.file.flat.FlatField,"",,,Jaishar,,"","","","",Assigned,SC_FF/File Server/D:/Book1.csv/Phone/RO_Phone(Demo),Update,"Jan 09, 2025, 06:49:41 AM",Jaishar,"Jan 09, 2025, 08:04:41 AM",Jaishar,cfca1b50-9e37-4ba1-8cd2-0de963f8a5e4,968aa2f4-48bf-31e7-a4c7-804abbcea134://968aa2f4-48bf-31e7-a4c7-804abbcea134/File Server/D:/Book1.csv/Phone/cfca1b50-9e37-4ba1-8cd2-0de963f8a5e4,968aa2f4-48bf-31e7-a4c7-804abbcea134
DQO-85,DQRO_ID,,-,Published,Weekly,,2025-03-19T13:01:35.537,0q44jO9ykoshTdImYUTH4m,70.00,0,Uniqueness,InformaticaCloudDataQuality,100.00,9,Medium,90.00,599ac44a-6e23-36ab-85f2-b52fcbc8bd27://john/dbo/STUDENTS/ID~com.infa.odin.models.relational.Column,"",,,,,"","","","",,_john_MainDB_SQL/john/dbo/STUDENTS/ID/DQRO_ID,Update,"Mar 19, 2025, 11:18:25 AM",AshikaA,"Mar 19, 2025, 01:04:38 PM",abish,d06eaf8e-209b-4f97-9170-95b86648cdb1,599ac44a-6e23-36ab-85f2-b52fcbc8bd27://599ac44a-6e23-36ab-85f2-b52fcbc8bd27/john/dbo/STUDENTS/ID/d06eaf8e-209b-4f97-9170-95b86648cdb1,599ac44a-6e23-36ab-85f2-b52fcbc8bd27
DQO-100,DQRO_EmployeeID,,-,Published,Weekly,,2025-03-19T13:01:45.322,0PbMC4XwKlzaZRRNFx79Sv,70.00,0,Uniqueness,InformaticaCloudDataQuality,100.00,17,Medium,90.00,599ac44a-6e23-36ab-85f2-b52fcbc8bd27://john/dbo/Employees/EmployeeID~com.infa.odin.models.relational.Column,"",,,,,"","","","",,_john_MainDB_SQL/john/dbo/Employees/EmployeeID/DQRO_EmployeeID,Update,"Mar 19, 2025, 12:03:52 PM",AshikaA,"Mar 19, 2025, 01:04:38 PM",abish,dc402b15-fe11-4505-aeeb-675757d4717e,599ac44a-6e23-36ab-85f2-b52fcbc8bd27://599ac44a-6e23-36ab-85f2-b52fcbc8bd27/john/dbo/Employees/EmployeeID/dc402b15-fe11-4505-aeeb-675757d4717e,599ac44a-6e23-36ab-85f2-b52fcbc8bd27
DQO-15,DQRO_test,,-,Published,Weekly,,2024-10-01T06:18:09.758,gYE2WzNPTUrigftE98mCWg,70.00,107,Completeness,InformaticaCloudDataQuality,0.00,107,Medium,90.00,b68dfe13-48bf-377d-8362-6c5fb2c83697://xe/HR/EMPLOYEES/EMAIL~com.infa.odin.models.relational.Column,"",,,kaviya;infa_admin,,"","","","",Inherited,Oracle_HR/xe/HR/EMPLOYEES/EMAIL/DQRO_test,Update,"Sep 25, 2024, 01:05:24 PM",kaviya,"Oct 01, 2024, 06:20:05 AM",kaviya,e4cfaafc-127a-4cee-a86b-5274442b355b,b68dfe13-48bf-377d-8362-6c5fb2c83697://b68dfe13-48bf-377d-8362-6c5fb2c83697/xe/HR/EMPLOYEES/EMAIL/e4cfaafc-127a-4cee-a86b-5274442b355b,b68dfe13-48bf-377d-8362-6c5fb2c83697
