core.externalId,core.name,core.description,com.infa.ccgf.models.governance.TechnicalDescription,core.assetLifecycle,com.infa.ccgf.models.governance.TechnicalRuleReference,com.infa.ccgf.models.governance.Threshold,com.infa.ccgf.models.governance.Criticality,com.infa.ccgf.models.governance.RuleType,core.enableAutomation,com.infa.ccgf.models.governance.MeasuringMethod,com.infa.ccgf.models.governance.ruleInputPortName,com.infa.ccgf.models.governance.Target,com.infa.ccgf.models.governance.Frequency,Primary Glossary,Secondary Glossary,Stakeholder: Admin,Stakeholder: Custom Role - Data Steward,Stakeholder: Governance Administrator,Stakeholder: Governance Owner,Stakeholder: Super Admin,Stakeholder: Bank_Details_Consumer,Stakeholder: test super Stakeholder Role,Stakeholder: Bank_Details_Owner,Stakeholders Type,HierarchicalPath,Operation,core.createdOn,core.createdBy,core.modifiedOn,core.modifiedBy,core.identity,core.location,core.origin
DQT-5,DQRT_cajo,,"",Published,8VELQ2us6gihXdCudtWVW8,70.00,Medium,Validity,,InformaticaCloudDataQuality,NewInput1,90.00,Weekly,Date of Birth,"",,,,,"","","","",,DQRT_date,Update,"Sep 25, 2024, 01:17:02 PM",CajorinM,"Sep 25, 2024, 01:17:02 PM",CajorinM,130bae39-d107-4bd6-bb57-af3f53d5931d,CDGC://130bae39-d107-4bd6-bb57-af3f53d5931d,CDGC
DQT-20,DQRT-Zip Code,,-,Published,58bMv1O0I1pdewxzZOzBWI,70.00,Medium,Accuracy,,InformaticaCloudDataQuality,Zip_Code,90.00,Weekly,Zip Code,"",,Selciya,,,"","","","",Assigned,DQRT-Zip Code,Update,"Jan 13, 2025, 10:05:15 AM",Selciya,"Jan 13, 2025, 10:05:21 AM",Selciya,1894613f-68c0-4c93-978e-192e33470759,CDGC://1894613f-68c0-4c93-978e-192e33470759,CDGC
name,Name,,-,Published,8XwoOBhWxyaksVKvxqwK2B,70.00,Medium,Completeness,,InformaticaCloudDataQuality,NewInput1,90.00,Weekly,EMP Name,"",,RiswinT,,,"","","","",Assigned,Name,Update,"Jan 09, 2025, 12:46:29 PM",RiswinT,"Jan 09, 2025, 12:46:33 PM",RiswinT,24fee7fa-d1dd-414c-a290-eed391affe72,CDGC://24fee7fa-d1dd-414c-a290-eed391affe72,CDGC
DQT-31,DQRT_Check_valid_AccountNumber,,-,Published,e5sQuFiJHSCf4IvtwY0AqG,70.00,Medium,Completeness,,InformaticaCloudDataQuality,NewInput1,90.00,Weekly,Banking_AccountNumber,"",,,,,"","","","",,DQRT_Check_valid_AccountNumber,Update,"Mar 18, 2025, 06:36:13 AM",abish,"Mar 18, 2025, 06:36:13 AM",abish,25a3cf58-ed4d-4dd4-8689-d1a8fae52af5,CDGC://25a3cf58-ed4d-4dd4-8689-d1a8fae52af5,CDGC
DQT-41,DQRT_VehicleID,,-,Published,0PbMC4XwKlzaZRRNFx79Sv,70.00,Medium,Consistency,,InformaticaCloudDataQuality,NewInput1,90.00,Weekly,VehicleID,"",,,,,"","","","",,DQRT_VehicleID,Update,"Mar 19, 2025, 11:07:25 AM",AshikaA,"Mar 19, 2025, 11:07:25 AM",AshikaA,2b438260-78e0-414c-b32a-5339ef4789da,CDGC://2b438260-78e0-414c-b32a-5339ef4789da,CDGC
DQT-24,emp2_temp,,-,Published,gMsw329ItsCky42x5myZi4,70.00,Medium,Completeness,,InformaticaCloudDataQuality,NewInput1,90.00,Weekly,emp1_bt,"",,beenu,,,"","","","",Assigned,emp2_temp,Update,"Jan 15, 2025, 07:52:02 AM",beenu,"Jan 15, 2025, 07:52:06 AM",beenu,35018f20-4479-4c6c-9e54-cf28599dd7ae,CDGC://35018f20-4479-4c6c-9e54-cf28599dd7ae,CDGC
DQT-35,Rule Template_john_BT_Bank_Name,,Phone number cannot be empty.,Published,1gbVf96E8IQbD0J5DWmAiw,70.00,Medium,Validity,true,InformaticaCloudDataQuality,_john_BT_Bank_Name,90.00,Weekly,_john_BT_Bank_Name,"",infa_admin,,,,"","","","",Assigned,Rule Template_john_BT_Bank_Name,Update,"Mar 18, 2025, 11:48:17 AM",infa_admin,"Mar 18, 2025, 11:48:20 AM",infa_admin,5684d11e-e84d-4245-8d59-d36ad754214b,CDGC://5684d11e-e84d-4245-8d59-d36ad754214b,CDGC
DQT-18,Phone_Validity(Demo),,-,Published,et2abLzXCA1eqT1Gh2EvU5,70.00,Medium,Validity,,InformaticaCloudDataQuality,Phone,90.00,Weekly,Phone,"",,,Jaishar,,"","","","",Assigned,Phone_Validity(Demo),Update,"Jan 09, 2025, 06:47:33 AM",Jaishar,"Jan 09, 2025, 09:29:36 AM",Jaishar,648a4209-2445-42f3-96f2-23900e9d5da8,CDGC://648a4209-2445-42f3-96f2-23900e9d5da8,CDGC
DQT-3,DQRT_CountryId,,The rule used to check whether the CountryCode is accurate.,Published,3ZyeIbYtxLubyJz7SgI7KZ,60.00,Medium,Accuracy,,InformaticaCloudDataQuality,CountryCode,80.00,,Country Code,"",,,infa_admin;AswathyNagarajan;kaviya,,"","","","",Assigned,DQRT_CountryId,Update,"Sep 25, 2024, 12:27:40 PM",kaviya,"Sep 25, 2024, 12:27:40 PM",kaviya,6ac2cdee-cdb2-41ea-81e8-44daa2b6a25e,CDGC://6ac2cdee-cdb2-41ea-81e8-44daa2b6a25e,CDGC
DQT-29,Test Rule Template,Test,Phone number cannot be empty.,Published,52ZQdS1u8i6eoTWq01ivyZ,70.00,Medium,Completeness,,InformaticaCloudDataQuality,_john_BT_AccountNumber,90.00,Weekly,_john_BT_AccountNumber,"",,,,infa_admin,"","","","",Assigned,Test Rule Template,Update,"Mar 18, 2025, 05:09:33 AM",infa_admin,"Mar 18, 2025, 05:09:38 AM",infa_admin,7254c83a-d137-4227-aebf-d977cbd98364,CDGC://7254c83a-d137-4227-aebf-d977cbd98364,CDGC
DQT-2,Target-Emp-uniqueness,,Phone number field should be 10 digits,Published,igRqqDgOBUIfkVHBXd6YKc,70.00,Medium,Accuracy,,InformaticaCloudDataQuality,Mobile,90.00,,Mobile,"",,,AdminGroup,,"","","","",Assigned,Target-Emp-uniqueness,Update,"Sep 25, 2024, 12:09:06 PM",infa_admin,"Sep 25, 2024, 12:09:06 PM",infa_admin,733c6a50-e4e4-4814-b3e7-bff11e50ee4d,CDGC://733c6a50-e4e4-4814-b3e7-bff11e50ee4d,CDGC
DQT-26,_john_DQRT_Verify_Account_Number,,-,Published,e5sQuFiJHSCf4IvtwY0AqG,70.00,High,Completeness,,InformaticaCloudDataQuality,NewInput1,90.00,Weekly,_john_BT_AccountNumber,"",,,abish,,"","","","",Assigned,_john_DQRT_Verify_Account_Number,Update,"Mar 11, 2025, 06:02:54 AM",abish,"Mar 11, 2025, 06:02:58 AM",abish,778f165d-ba90-4452-ace9-7a0abbf72635,CDGC://778f165d-ba90-4452-ace9-7a0abbf72635,CDGC
DQT-50,DQRT_FamousPlace,,-,Published,0PbMC4XwKlzaZRRNFx79Sv,70.00,Medium,Accuracy,,InformaticaCloudDataQuality,NewInput1,90.00,Weekly,FamousPlace,"",,,,,"","","","",,DQRT_FamousPlace,Update,"Mar 19, 2025, 11:40:33 AM",AshikaA,"Mar 19, 2025, 11:40:33 AM",AshikaA,88b4b75d-69fe-4120-a21b-6bf338471495,CDGC://88b4b75d-69fe-4120-a21b-6bf338471495,CDGC
DQT-9,DQRT_FirstName,,"",Published,0q44jO9ykoshTdImYUTH4m,70.00,Low,Completeness,,InformaticaCloudDataQuality,NewInput1,90.00,Weekly,First Name,"",,anfeezas,kaviya,,"","","","",Assigned,DQRT_FirstName,Update,"Sep 30, 2024, 11:19:55 AM",anfeezas,"Sep 30, 2024, 11:21:15 AM",anfeezas,8f450bbb-b25f-4921-8653-f64465d0979f,CDGC://8f450bbb-b25f-4921-8653-f64465d0979f,CDGC
DQT-67,Null check Data Quality Rule Template,Null check Data Quality Rule Template,Phone number cannot be empty.,Published,4d0gnaeCezslQyJoUMvm4a,70.00,Medium,Completeness,true,InformaticaCloudDataQuality,Company__Label_,90.00,Weekly,Company (Label),"",,,,infa_admin,"","","","",Assigned,Null check Data Quality Rule Template,Update,"Mar 23, 2025, 08:58:19 AM",infa_admin,"Mar 23, 2025, 08:58:35 AM",infa_admin,92d86d48-fc76-482f-833e-83946f713c2b,CDGC://92d86d48-fc76-482f-833e-83946f713c2b,CDGC
DQT-42,DQRT_Year,,-,Published,0PbMC4XwKlzaZRRNFx79Sv,70.00,Medium,Consistency,,InformaticaCloudDataQuality,NewInput1,90.00,Weekly,Year,"",,,,,"","","","",,DQRT_Year,Update,"Mar 19, 2025, 11:13:45 AM",AshikaA,"Mar 19, 2025, 11:14:26 AM",AshikaA,9543b30d-250c-492b-a452-302409cd20c7,CDGC://9543b30d-250c-492b-a452-302409cd20c7,CDGC
DQT-16,Email check,,-,Published,ima4WzQON4eiyeHLZvUQur,70.00,Medium,Validity,true,InformaticaCloudDataQuality,Email,90.00,Weekly,Email Validate,"",,,,,"","","","",,Email check,Update,"Jan 08, 2025, 10:42:11 AM",Deleted,"Jan 08, 2025, 10:42:11 AM",Deleted,bc7ee725-875b-4be9-a819-d2936cbb150b,CDGC://bc7ee725-875b-4be9-a819-d2936cbb150b,CDGC
DQT-52,DQRT_PolicyID,,-,Published,0q44jO9ykoshTdImYUTH4m,70.00,Medium,Uniqueness,,InformaticaCloudDataQuality,NewInput1,90.00,Weekly,PolicyID,"",,,,,"","","","",,DQRT_PolicyID,Update,"Mar 19, 2025, 11:52:39 AM",AshikaA,"Mar 19, 2025, 11:52:39 AM",AshikaA,cce85b22-e7bf-4121-a360-76997661e131,CDGC://cce85b22-e7bf-4121-a360-76997661e131,CDGC
DQT-53,DQRT_PolicyNumber,,-,Published,0PbMC4XwKlzaZRRNFx79Sv,70.00,Medium,Uniqueness,,InformaticaCloudDataQuality,NewInput1,90.00,Weekly,PolicyNumber,"",,,,,"","","","",,DQRT_PolicyNumber,Update,"Mar 19, 2025, 11:54:18 AM",AshikaA,"Mar 19, 2025, 11:54:18 AM",AshikaA,d22a6354-647b-401b-a95e-8736f643f8c0,CDGC://d22a6354-647b-401b-a95e-8736f643f8c0,CDGC
DQT-34,DQRT_Check_AccountID,,Checking null values,Published,5yqRwfWOZ4iiS2Wtoma9u8,70.00,Medium,Accuracy,,InformaticaCloudDataQuality,NewInput1,90.00,Weekly,Banking_AccountID,"",,,,,"","","","",,DQRT_Check_AccountID,Update,"Mar 18, 2025, 06:40:48 AM",abish,"Mar 18, 2025, 06:40:48 AM",abish,d375b158-70c6-4a0c-83d7-7196c7782543,CDGC://d375b158-70c6-4a0c-83d7-7196c7782543,CDGC
DQT-44,DQRT_NAME,,-,Published,0q44jO9ykoshTdImYUTH4m,70.00,Medium,Completeness,,InformaticaCloudDataQuality,NewInput1,90.00,Weekly,NAME,"",,,,,"","","","",,DQRT_NAME,Update,"Mar 19, 2025, 11:21:48 AM",AshikaA,"Mar 19, 2025, 11:21:48 AM",AshikaA,fbe69fc8-b0e9-4aa9-8c0c-b3e9dab4d82e,CDGC://fbe69fc8-b0e9-4aa9-8c0c-b3e9dab4d82e,CDGC
DQT-32,DQRT_Check_valid_Name,,-,Published,5b70XnP91GgfKySjyMBAmR,70.00,Medium,Accuracy,,InformaticaCloudDataQuality,NewInput1,90.00,Weekly,Banking_BankName,"",,,,,"","","","",,DQRT_Check_valid_Name,Update,"Mar 18, 2025, 06:38:33 AM",abish,"Mar 18, 2025, 06:38:33 AM",abish,0cd1a9a4-fca0-4d8b-a034-9350c3f714b5,CDGC://0cd1a9a4-fca0-4d8b-a034-9350c3f714b5,CDGC
DQT-40,DQRT_PersonID,,-,Published,0q44jO9ykoshTdImYUTH4m,70.00,Medium,Consistency,,InformaticaCloudDataQuality,NewInput1,90.00,Weekly,PersonID,"",,,,,"","","","",,DQRT_PersonID,Update,"Mar 19, 2025, 11:04:53 AM",AshikaA,"Mar 19, 2025, 11:04:53 AM",AshikaA,132fad0d-1493-4eee-9908-949d1d56a5e3,CDGC://132fad0d-1493-4eee-9908-949d1d56a5e3,CDGC
DQT-38,DQRT_Make,,-,Published,0q44jO9ykoshTdImYUTH4m,70.00,Medium,Consistency,,InformaticaCloudDataQuality,NewInput1,90.00,Weekly,Make,"",,,,,"","","","",,DQRT_Make,Update,"Mar 19, 2025, 10:48:41 AM",AshikaA,"Mar 19, 2025, 10:48:41 AM",AshikaA,1666a7cc-60f2-4538-bf24-c61179addf1a,CDGC://1666a7cc-60f2-4538-bf24-c61179addf1a,CDGC
DQT-33,DQRT_Check_PersonId,,Checking null values,Published,5yqRwfWOZ4iiS2Wtoma9u8,70.00,Medium,Accuracy,,InformaticaCloudDataQuality,NewInput1,90.00,Weekly,Banking_PersonID,"",,,,,"","","","",,DQRT_Check_PersonId,Update,"Mar 18, 2025, 06:39:37 AM",abish,"Mar 18, 2025, 06:39:37 AM",abish,33e5af22-c8d3-4408-9518-44aa5017fa8c,CDGC://33e5af22-c8d3-4408-9518-44aa5017fa8c,CDGC
DQT-55,DQRT_Department,,-,Published,8W729bju0SHexUFAgUiEEa,70.00,Medium,Validity,,InformaticaCloudDataQuality,DEPARTMENT,90.00,Weekly,Department,"",,,,,"","","","",,DQRT_Department,Update,"Mar 19, 2025, 11:59:03 AM",AshikaA,"Mar 19, 2025, 11:59:03 AM",AshikaA,40521970-138a-4210-a734-a6ec5be40924,CDGC://40521970-138a-4210-a734-a6ec5be40924,CDGC
DQT-43,DQRT_ID,,-,Published,0q44jO9ykoshTdImYUTH4m,70.00,Medium,Uniqueness,,InformaticaCloudDataQuality,NewInput1,90.00,Weekly,ID,"",,,,,"","","","",,DQRT_ID,Update,"Mar 19, 2025, 11:17:25 AM",AshikaA,"Mar 19, 2025, 11:19:38 AM",AshikaA,4d2038d7-b5f3-476c-86d6-6e3197bfa7b9,CDGC://4d2038d7-b5f3-476c-86d6-6e3197bfa7b9,CDGC
DQT-56,DQRT_Email,,-,Published,1r9Pps3XSk1lxWTnTi11kH,70.00,Medium,Accuracy,,InformaticaCloudDataQuality,NewInput1,90.00,Weekly,Email,"",,,,,"","","","",,DQRT_Email,Update,"Mar 19, 2025, 12:00:58 PM",AshikaA,"Mar 19, 2025, 12:00:58 PM",AshikaA,52b6afd0-1948-498c-813b-400f981aba6c,CDGC://52b6afd0-1948-498c-813b-400f981aba6c,CDGC
DQT-64,DQRT_Degree,,-,Published,0PbMC4XwKlzaZRRNFx79Sv,70.00,Medium,Consistency,,InformaticaCloudDataQuality,NewInput1,90.00,Weekly,Degree,"",,,,,"","","","",,DQRT_Degree,Update,"Mar 19, 2025, 12:22:34 PM",AshikaA,"Mar 19, 2025, 12:22:34 PM",AshikaA,53a6ef31-11cb-47fd-99f3-b3322ea95e65,CDGC://53a6ef31-11cb-47fd-99f3-b3322ea95e65,CDGC
DQT-25,DQRT_Email-Id,,Email cannot be empty,Published,92NQeohq0tphxde5jeAJwq,70.00,Medium,Completeness,,InformaticaCloudDataQuality,EMAIL,90.00,Weekly,E-mail,"",,Sanjai,,,"","","","",Assigned,DQRT_Email-Id,Update,"Mar 05, 2025, 07:10:51 AM",Sanjai,"Mar 05, 2025, 10:11:30 AM",Sanjai,6b4cd844-713f-4b3b-ba28-40c90891c0e2,CDGC://6b4cd844-713f-4b3b-ba28-40c90891c0e2,CDGC
DQT-1,Data-Quality-Rule-Template-1,,salary cannot be empty,Published,0rHKNWfnrQGi35KeOvJaYB,70.00,Medium,Completeness,,InformaticaCloudDataQuality,Action_Type,90.00,,Action Type,"",,infa_data;Andrea;Sija;anfeezas,,,"","","","",Assigned,Data-Quality-Rule-Template-1,Update,"Sep 25, 2024, 10:40:24 AM",infa_admin,"Sep 25, 2024, 10:40:24 AM",infa_admin,6cd93ba7-3f55-4e4b-96dc-dcb5e865b278,CDGC://6cd93ba7-3f55-4e4b-96dc-dcb5e865b278,CDGC
DQT-10,DQRT_Salary,,"",Published,5np4i9RQGNsjsiAoTXLwI7,70.00,Medium,Accuracy,,InformaticaCloudDataQuality,NewInput1,90.00,Weekly,Salary,"",,anfeezas,kaviya,,"","","","",Assigned,DQRT_Salary,Update,"Sep 30, 2024, 11:22:02 AM",anfeezas,"Sep 30, 2024, 11:22:02 AM",anfeezas,8de131aa-2790-497f-a469-ea94b064bb99,CDGC://8de131aa-2790-497f-a469-ea94b064bb99,CDGC
DQT-61,DQRT_PhoneNumber,,-,Published,0PbMC4XwKlzaZRRNFx79Sv,70.00,Medium,Validity,,InformaticaCloudDataQuality,NewInput1,90.00,Weekly,PhoneNumber,"",,,,,"","","","",,DQRT_PhoneNumber,Update,"Mar 19, 2025, 12:11:36 PM",AshikaA,"Mar 19, 2025, 12:11:36 PM",AshikaA,ac7068e8-d8f5-4ed6-bcc5-8181aca6ce47,CDGC://ac7068e8-d8f5-4ed6-bcc5-8181aca6ce47,CDGC
DQT-27,beenu_emp,for associating glosaries at entity level,-,Published,8EEoDbrtB1NftvqOgzTrKh,70.00,Medium,Accuracy,,InformaticaCloudDataQuality,DEPARTMENT,90.00,Weekly,beenu_emp,"",,,,,"","","","",,beenu_emp,Update,"Mar 16, 2025, 06:00:53 AM",beenu,"Mar 16, 2025, 06:00:53 AM",beenu,bc3651e1-a18b-48d8-82ee-70d71dffca4a,CDGC://bc3651e1-a18b-48d8-82ee-70d71dffca4a,CDGC
DQT-65,DQRT_EducationID,,-,Published,0PbMC4XwKlzaZRRNFx79Sv,70.00,Medium,Consistency,,InformaticaCloudDataQuality,NewInput1,90.00,Weekly,EducationID,"",,,,,"","","","",,DQRT_EducationID,Update,"Mar 19, 2025, 12:24:46 PM",AshikaA,"Mar 19, 2025, 12:24:46 PM",AshikaA,da4e1097-6008-4757-9f49-50fbe27fe0a8,CDGC://da4e1097-6008-4757-9f49-50fbe27fe0a8,CDGC
DQT-66,DQRT_Institution,,-,Published,0PbMC4XwKlzaZRRNFx79Sv,70.00,Medium,Completeness,,InformaticaCloudDataQuality,NewInput1,90.00,Weekly,Institution,"",,,,,"","","","",,DQRT_Institution,Update,"Mar 19, 2025, 12:27:03 PM",AshikaA,"Mar 19, 2025, 12:27:02 PM",AshikaA,da619a5d-e2a2-4117-8cb9-43b27b2a264c,CDGC://da619a5d-e2a2-4117-8cb9-43b27b2a264c,CDGC
DQT-63,DQRT_RandomValue,,-,Published,0q44jO9ykoshTdImYUTH4m,70.00,Medium,Accuracy,,InformaticaCloudDataQuality,NewInput1,90.00,Weekly,RandomValue,"",,,,,"","","","",,DQRT_RandomValue,Update,"Mar 19, 2025, 12:18:27 PM",AshikaA,"Mar 19, 2025, 12:18:27 PM",AshikaA,df6807de-0cb8-46d4-8e7c-a9beebc46a19,CDGC://df6807de-0cb8-46d4-8e7c-a9beebc46a19,CDGC
DQT-45,DQRT_SCORE,,-,Published,0PbMC4XwKlzaZRRNFx79Sv,70.00,Medium,Completeness,,InformaticaCloudDataQuality,NewInput1,90.00,Weekly,SCORE,"",,,,,"","","","",,DQRT_SCORE,Update,"Mar 19, 2025, 11:24:24 AM",AshikaA,"Mar 19, 2025, 11:24:24 AM",AshikaA,e1d5ac5c-6dec-48e9-a346-2a125c10cd99,CDGC://e1d5ac5c-6dec-48e9-a346-2a125c10cd99,CDGC
DQT-14,CountryID Validation template,,"",Published,dISq7FTu4AjhRTw4B1dUIW,70.00,Medium,Validity,,InformaticaCloudDataQuality,cuntryId,90.00,Weekly,Country Identifier,"",,anfeezas,,,"","","","",Assigned,CountryID Validation template,Update,"Oct 06, 2024, 10:22:21 AM",AswathyNagarajan,"Oct 06, 2024, 10:22:21 AM",AswathyNagarajan,e2ce4682-bb9b-4aed-bc6d-dd6a2bf0850c,CDGC://e2ce4682-bb9b-4aed-bc6d-dd6a2bf0850c,CDGC
DQT-36,Quality Rule Template,,Rule Specification_Ak,Published,6QttjMK7dWuhm8qLZXU24T,70.00,Medium,Validity,,InformaticaCloudDataQuality,FIRST_NAME,90.00,Weekly,First Name,"",,,,,"","","","",,Quality Rule Template,Update,"Mar 18, 2025, 12:48:32 PM",amitk,"Mar 18, 2025, 12:48:32 PM",amitk,ed6710b7-844c-455a-8360-3baa25e47cd7,CDGC://ed6710b7-844c-455a-8360-3baa25e47cd7,CDGC
DQT-21,emp_name,,-,Published,ezvoXcauFeiiiNcGwmQqof,70.00,Medium,Validity,,InformaticaCloudDataQuality,name,90.00,Weekly,BT Hemployee Name,"",,HannibalHenry,,,"","","","",Assigned,emp_name,Update,"Jan 13, 2025, 10:42:41 AM",HannibalHenry,"Jan 13, 2025, 10:42:45 AM",HannibalHenry,098ac5dd-013a-4f60-a7dc-ce38e6ecc382,CDGC://098ac5dd-013a-4f60-a7dc-ce38e6ecc382,CDGC
DQT-60,DQRT_ManagerID,,-,Published,0PbMC4XwKlzaZRRNFx79Sv,70.00,Medium,Consistency,,InformaticaCloudDataQuality,NewInput1,90.00,Weekly,ManagerID,"",,,,,"","","","",,DQRT_ManagerID,Update,"Mar 19, 2025, 12:10:10 PM",AshikaA,"Mar 19, 2025, 12:10:10 PM",AshikaA,0e6b1e35-aabd-4d6d-a8e7-0665c3d71349,CDGC://0e6b1e35-aabd-4d6d-a8e7-0665c3d71349,CDGC
DQT-15,test_rule_template,,Phone number cannot be empty.,Published,1qdwS7zxQkQgZy6D3IVKyD,70.00,Medium,Accuracy,,InformaticaCloudDataQuality,Achieved_Target,90.00,Weekly,Achieved Target,"",,,infa_admin,,"","","","",Assigned,test_rule_template,Update,"Oct 10, 2024, 10:12:15 AM",infa_admin,"Oct 10, 2024, 10:12:15 AM",infa_admin,10f0dd4f-649f-4c0a-a389-f15961df14fd,CDGC://10f0dd4f-649f-4c0a-a389-f15961df14fd,CDGC
DQT-12,DQRT_SALARY,,SALARY must not be greater than 10000 and must not be less than 2000,Published,dEjpIEGoJA9iYzgpS4V9k9,70.00,Medium,Consistency,,InformaticaCloudDataQuality,BT_MAXIMUM_SALARY,90.00,Weekly,BT_MAXIMUM_SALARY,"",,AswathyNagarajan;CajorinM,AswathyNagarajan;CajorinM,,"","","","",Assigned,DQRT_SALARY,Update,"Sep 30, 2024, 12:34:09 PM",CajorinM,"Sep 30, 2024, 12:34:09 PM",CajorinM,34112e7c-d206-450f-a38a-b872b1bfaf97,CDGC://34112e7c-d206-450f-a38a-b872b1bfaf97,CDGC
DQT-39,DQRT_Model,,-,Published,0PbMC4XwKlzaZRRNFx79Sv,70.00,Medium,Completeness,,InformaticaCloudDataQuality,NewInput1,90.00,Weekly,Model,"",,,,,"","","","",,DQRT_Model,Update,"Mar 19, 2025, 10:54:13 AM",AshikaA,"Mar 19, 2025, 10:54:13 AM",AshikaA,35ac59af-459e-4d09-a939-51a2899ae469,CDGC://35ac59af-459e-4d09-a939-51a2899ae469,CDGC
DQT-47,DQRT_DistrictName,,-,Published,0PbMC4XwKlzaZRRNFx79Sv,70.00,Medium,Consistency,,InformaticaCloudDataQuality,NewInput1,90.00,Weekly,DistrictName,"",,,,,"","","","",,DQRT_DistrictName,Update,"Mar 19, 2025, 11:34:33 AM",AshikaA,"Mar 19, 2025, 11:34:33 AM",AshikaA,5c8ed1d8-2da0-40c6-b570-ba1448515f98,CDGC://5c8ed1d8-2da0-40c6-b570-ba1448515f98,CDGC
DQT-37,DQRT_for_Numbers,,-,Published,ahxdk6MaLOXeFZyPTDEV0d,70.00,Medium,Completeness,,InformaticaCloudDataQuality,Input,90.00,Weekly,LicensePlate,"",,,,,"","","","",,DQRT_for_Numbers,Update,"Mar 19, 2025, 10:38:41 AM",abish,"Mar 19, 2025, 10:38:41 AM",abish,62f52920-4416-46ee-8bfd-edef07d0a187,CDGC://62f52920-4416-46ee-8bfd-edef07d0a187,CDGC
DQT-28,DQRT-Email JG,,-,Published,093i253Ks4DiwbxjYMXqaj,70.00,Medium,Validity,,InformaticaCloudDataQuality,Email,90.00,Weekly,JG Email,"",,Juli,,,"","","","",Assigned,DQRT-Email JG,Update,"Mar 16, 2025, 06:15:18 AM",Juli,"Mar 16, 2025, 06:19:28 AM",Juli,822f6446-fec7-423e-8ab8-055123c4b70b,CDGC://822f6446-fec7-423e-8ab8-055123c4b70b,CDGC
DQT-57,DQRT_EmployeeID,,-,Published,0PbMC4XwKlzaZRRNFx79Sv,70.00,Medium,Uniqueness,,InformaticaCloudDataQuality,NewInput1,90.00,Weekly,EmployeeID,"",,,,,"","","","",,DQRT_EmployeeID,Update,"Mar 19, 2025, 12:03:17 PM",AshikaA,"Mar 19, 2025, 12:03:17 PM",AshikaA,83eb5c66-1ca8-4fde-9e72-b60668d18f95,CDGC://83eb5c66-1ca8-4fde-9e72-b60668d18f95,CDGC
DQT-59,DQRT_JobTitle,,-,Published,0PbMC4XwKlzaZRRNFx79Sv,70.00,Medium,Consistency,,InformaticaCloudDataQuality,NewInput1,90.00,Weekly,JobTitle,"",,,,,"","","","",,DQRT_JobTitle,Update,"Mar 19, 2025, 12:07:32 PM",AshikaA,"Mar 19, 2025, 12:07:32 PM",AshikaA,97a78c9c-8944-4dce-99ce-b6c23ee4362a,CDGC://97a78c9c-8944-4dce-99ce-b6c23ee4362a,CDGC
DQT-6,Null check for department ID,Validating null and empty values,"",Published,3N1Mj7Ju74SesLipPhCrGL,70.00,Medium,Validity,,InformaticaCloudDataQuality,input,90.00,Weekly,Department identifier,"",,Andrea;Adeno,,,"","","","",Assigned,Null check for department ID,Update,"Sep 26, 2024, 05:39:21 AM",Sija,"Sep 26, 2024, 05:39:21 AM",Sija,ce01525b-b61a-4d1d-bbee-d886e8f14a3b,CDGC://ce01525b-b61a-4d1d-bbee-d886e8f14a3b,CDGC
DQT-51,DQRT_CoverageAmount,,-,Published,0PbMC4XwKlzaZRRNFx79Sv,70.00,Medium,Accuracy,,InformaticaCloudDataQuality,NewInput1,90.00,Weekly,CoverageAmount,"",,,,,"","","","",,DQRT_CoverageAmount,Update,"Mar 19, 2025, 11:48:30 AM",AshikaA,"Mar 19, 2025, 11:48:30 AM",AshikaA,d4c29efd-0829-4abc-a961-19ce65b25ff8,CDGC://d4c29efd-0829-4abc-a961-19ce65b25ff8,CDGC
DQT-13,Null Check Template,,"",Published,3N1Mj7Ju74SesLipPhCrGL,70.00,Medium,Completeness,,InformaticaCloudDataQuality,input,90.00,Weekly,Birth Date,"",,AswathyNagarajan;anfeezas,CajorinM,,"","","","",Assigned,Null Check Template,Update,"Oct 01, 2024, 10:24:17 AM",AswathyNagarajan,"Oct 01, 2024, 10:24:17 AM",AswathyNagarajan,dde59fa3-905c-47b0-a513-786d36361061,CDGC://dde59fa3-905c-47b0-a513-786d36361061,CDGC
DQT-23,AS_Employee_Template,,-,Published,8W729bju0SHexUFAgUiEEa,70.00,Medium,Accuracy,,InformaticaCloudDataQuality,DEPARTMENT,90.00,Weekly,AS_Employee_Term,"",,AshikaA,,,"","","","",Assigned,AS_Employee_Template,Update,"Jan 15, 2025, 07:36:43 AM",AshikaA,"Jan 15, 2025, 07:36:47 AM",AshikaA,ee4fccdb-6e64-4e03-94b0-9801ea728de1,CDGC://ee4fccdb-6e64-4e03-94b0-9801ea728de1,CDGC
DQT-11,DQRT_Email,,"",Published,gYE2WzNPTUrigftE98mCWg,70.00,Medium,Validity,,InformaticaCloudDataQuality,NewInput,90.00,Weekly,Email,"",,anfeezas,kaviya,,"","","","",Assigned,DQRT_Email,Update,"Sep 30, 2024, 11:26:54 AM",anfeezas,"Sep 30, 2024, 11:26:54 AM",anfeezas,f030cdca-f752-4945-ab18-7f729df78f7c,CDGC://f030cdca-f752-4945-ab18-7f729df78f7c,CDGC
DQT-17,Validity_Check,,-,Published,1r9Pps3XSk1lxWTnTi11kH,70.00,Medium,Accuracy,,InformaticaCloudDataQuality,NewInput1,90.00,Weekly,Email Validate,"",,,,,"","","","",,Validity_Check,Update,"Jan 08, 2025, 11:52:26 AM",Jaishar,"Jan 08, 2025, 11:52:26 AM",Jaishar,272d1512-fd06-4e17-b77d-1d9d09caaf01,CDGC://272d1512-fd06-4e17-b77d-1d9d09caaf01,CDGC
DQT-7,DQRT code Completness,,"",Published,3N1Mj7Ju74SesLipPhCrGL,70.00,Medium,Completeness,,InformaticaCloudDataQuality,input,90.00,,code,"",,,,,"","","","",,DQRT code Completness,Update,"Sep 26, 2024, 11:11:01 AM",kaviya,"Sep 26, 2024, 11:11:01 AM",kaviya,2d5ac32a-cee5-4f85-b879-e473509be7e3,CDGC://2d5ac32a-cee5-4f85-b879-e473509be7e3,CDGC
DQT-30,DQRT_Check_Valid_Balance,,-,Published,84VnfhBaKrJfV70AYwR22s,70.00,Medium,Validity,,InformaticaCloudDataQuality,acc_salary,90.00,Weekly,Banking_Balance,"",,,,,"","","","",,DQRT_Check_Valid_Balance,Update,"Mar 18, 2025, 06:34:48 AM",abish,"Mar 18, 2025, 06:34:48 AM",abish,35b70e6e-c24c-4686-a222-b227e54f84a1,CDGC://35b70e6e-c24c-4686-a222-b227e54f84a1,CDGC
DQT-19,Temp_Name,,-,Published,ezvoXcauFeiiiNcGwmQqof,70.00,Medium,Completeness,,InformaticaCloudDataQuality,name,90.00,Weekly,BT EMP Name,"",,HannibalHenry,,,"","","","",Assigned,Temp_Name,Update,"Jan 10, 2025, 11:06:09 AM",HannibalHenry,"Jan 10, 2025, 11:06:12 AM",HannibalHenry,3b3f2b61-bcaa-49a0-9313-f44630497d17,CDGC://3b3f2b61-bcaa-49a0-9313-f44630497d17,CDGC
DQT-58,DQRT_HireDate,,-,Published,0PbMC4XwKlzaZRRNFx79Sv,70.00,Medium,Validity,,InformaticaCloudDataQuality,NewInput1,90.00,Weekly,HireDate,"",,,,,"","","","",,DQRT_HireDate,Update,"Mar 19, 2025, 12:06:03 PM",AshikaA,"Mar 19, 2025, 12:06:03 PM",AshikaA,4e0ee2b9-b9e3-4da1-a3c4-dd0c4d563fab,CDGC://4e0ee2b9-b9e3-4da1-a3c4-dd0c4d563fab,CDGC
DQT-22,EMP1_TEMPLATE,,-,Published,gMsw329ItsCky42x5myZi4,70.00,Medium,Validity,,InformaticaCloudDataQuality,NewInput1,90.00,Weekly,emp1_bt,"",,beenu,,,"","","","",Assigned,EMP1_TEMPLATE,Update,"Jan 15, 2025, 06:59:15 AM",beenu,"Jan 15, 2025, 06:59:19 AM",beenu,52619f3b-40cc-4191-8b81-e7bbf654d2d1,CDGC://52619f3b-40cc-4191-8b81-e7bbf654d2d1,CDGC
DQT-4,DQRT_test,,"",Published,gYE2WzNPTUrigftE98mCWg,70.00,Medium,Completeness,,InformaticaCloudDataQuality,NewInput,90.00,Weekly,Client,"",,,,,"","","","",,DQRT_test,Update,"Sep 25, 2024, 01:02:58 PM",kaviya,"Sep 25, 2024, 01:02:58 PM",kaviya,6e2068c7-be86-4210-b064-4b5800c34397,CDGC://6e2068c7-be86-4210-b064-4b5800c34397,CDGC
DQT-62,DQRT_Country,,-,Published,0PbMC4XwKlzaZRRNFx79Sv,70.00,Medium,Accuracy,,InformaticaCloudDataQuality,NewInput1,90.00,Weekly,Country,"",,,,,"","","","",,DQRT_Country,Update,"Mar 19, 2025, 12:16:51 PM",AshikaA,"Mar 19, 2025, 12:16:51 PM",AshikaA,7b6f75b2-dacf-42bc-9926-edd5967a79e1,CDGC://7b6f75b2-dacf-42bc-9926-edd5967a79e1,CDGC
DQT-48,DQRT_CityName,,-,Published,0PbMC4XwKlzaZRRNFx79Sv,70.00,Medium,Consistency,,InformaticaCloudDataQuality,NewInput1,90.00,Weekly,CityName,"",,,,,"","","","",,DQRT_CityName,Update,"Mar 19, 2025, 11:36:52 AM",AshikaA,"Mar 19, 2025, 11:36:51 AM",AshikaA,af0d5543-7eda-4984-88ae-99c3335f30cb,CDGC://af0d5543-7eda-4984-88ae-99c3335f30cb,CDGC
DQT-46,DQRT_SUBJECT,,-,Published,0q44jO9ykoshTdImYUTH4m,70.00,Medium,Consistency,,InformaticaCloudDataQuality,NewInput1,90.00,Weekly,SUBJECT,"",,,,,"","","","",,DQRT_SUBJECT,Update,"Mar 19, 2025, 11:26:21 AM",AshikaA,"Mar 19, 2025, 11:26:21 AM",AshikaA,d52f251c-2bcc-4a31-bff8-9f3b0d47c4b2,CDGC://d52f251c-2bcc-4a31-bff8-9f3b0d47c4b2,CDGC
DQT-49,DQRT_CountryName,,-,Published,0PbMC4XwKlzaZRRNFx79Sv,70.00,Medium,Consistency,,InformaticaCloudDataQuality,NewInput1,90.00,Weekly,CountryName,"",,,,,"","","","",,DQRT_CountryName,Update,"Mar 19, 2025, 11:38:34 AM",AshikaA,"Mar 19, 2025, 11:38:34 AM",AshikaA,e6bf29fe-e1de-4ac8-a67f-b621b4f261fb,CDGC://e6bf29fe-e1de-4ac8-a67f-b621b4f261fb,CDGC
DQT-54,DQRT_Provider,,-,Published,0q44jO9ykoshTdImYUTH4m,70.00,Medium,Completeness,,InformaticaCloudDataQuality,NewInput1,90.00,Weekly,Provider,"",,,,,"","","","",,DQRT_Provider,Update,"Mar 19, 2025, 11:55:49 AM",AshikaA,"Mar 19, 2025, 11:55:49 AM",AshikaA,fce3b7f7-bf79-43b0-b6a7-2158383c7aa8,CDGC://fce3b7f7-bf79-43b0-b6a7-2158383c7aa8,CDGC
