core.externalId,core.name,Parent: Domain,Parent: Subdomain,core.description,core.assetLifecycle,com.infa.ccgf.models.governance.securityClassification,com.infa.ccgf.models.governance.AliasNames,com.infa.ccgf.models.governance.Examples,com.infa.ccgf.models.governance.BusinessLogic,Stakeholder: Admin,Stakeholder: Bank_Details_Owner,Stakeholder: Custom Role - Data Steward,Stakeholder: Governance Administrator,Stakeholder: Governance Owner,Stakeholder: Super Admin,Stakeholder: Bank_Details_Consumer,Stakeholder: test super Stakeholder Role,Stakeholders Type,HierarchicalPath,Operation,core.createdOn,core.createdBy,core.modifiedOn,core.modifiedBy,core.identity,core.location,core.origin
SDOM-35,SD2,DM2 | DOM-33,,bye2,Published,Public,,,,,,,,,"","","",,DM2/SD2,Update,"Mar 04, 2025, 11:59:35 AM",john,"Mar 04, 2025, 11:59:35 AM",john,02ec88b7-73ff-4c4f-a0a7-8710bed569c5,CDGC://4c4140a2-4e3f-4b08-9fb4-f2539b2561d8/02ec88b7-73ff-4c4f-a0a7-8710bed569c5,CDGC
SUB-DOMAIN-1,Sales & Service Channels,Product Development & Management | DOMAIN-1,,The Sales & Service Channels information domain,Published,Public,SSC,,,,,Selciya,,,"","","",Assigned,Product Development & Management/Sales & Service Channels,Update,"Jan 11, 2025, 08:11:24 AM",Selciya,"Jan 11, 2025, 08:11:24 AM",Selciya,0fa9f3fd-e3be-48e8-b626-ed314849e94f,CDGC://4b4ecc83-61f7-42d5-98ad-23749c7faf62/0fa9f3fd-e3be-48e8-b626-ed314849e94f,CDGC
GLOS-913,Employees Services,,Human Capital Services | GLOS-922,Employees Services,Published,Public,,,,,,infa_data,infa_admin,,"","","",Assigned,Business Glossary/Human Capital Management/Human Capital Services/Employees Services,Update,"Sep 19, 2024, 06:08:43 AM",infa_admin,"Sep 19, 2024, 06:08:43 AM",infa_admin,1304e7ac-497b-45fe-abff-ef5afcd8f606,CDGC://fa01dd64-4797-4056-97a4-0558835b4d43/455f2e11-79a8-427e-baff-fd14cff2f33e/ffa49b9f-3b59-4031-8da5-091255267c58/1304e7ac-497b-45fe-abff-ef5afcd8f606,CDGC
Instructor-subdomain-24,Party Loyalty Account,Party | Instructor-domain-1,,"A party can be a member of a loyalty program and can have multiple loyalty accounts. A loyalty account can have loyalty status, such as elite, silver, gold, or platinum. The party can have preferences for the redemption of the loyalty points.",Published,Public,,,,,,infa_data,infa_admin,,"","","",Assigned,Party/Party Loyalty Account,Update,"Oct 01, 2024, 08:09:53 AM",infa_admin,"Oct 01, 2024, 08:09:53 AM",infa_admin,15e0c2b5-228d-4035-a2b3-d925c6238f3b,CDGC://cfefb780-1bc4-431a-8f89-4e05f6acbff2/15e0c2b5-228d-4035-a2b3-d925c6238f3b,CDGC
SDOM-16,Sub Domain Employee Table,B2B DWH Rah | DOM-11,,testing purpose,Published,Confidential,Rah_Emp_Sub_Domain,,,,,AswathyNagarajan,kaviya,,"","","",Assigned,B2B DWH Rah/Sub Domain Employee Table,Update,"Oct 01, 2024, 07:59:21 AM",RahinR,"Oct 01, 2024, 07:59:21 AM",RahinR,18290c8e-5f11-4e29-b8eb-df97e57cb5ac,CDGC://90ac7f72-bed2-4bed-b65e-85bce5152123/18290c8e-5f11-4e29-b8eb-df97e57cb5ac,CDGC
GLOS-916,Sourcing and Assessment,,Talent Acquisition | GLOS-923,Sourcing and Assessment,Published,Public,,,,,,infa_data,infa_admin,,"","","",Assigned,Business Glossary/Human Capital Management/Talent Acquisition/Sourcing and Assessment,Update,"Sep 19, 2024, 06:08:43 AM",infa_admin,"Sep 19, 2024, 06:08:43 AM",infa_admin,33064f6b-71c5-4898-ba81-0ba8fb7414bb,CDGC://fa01dd64-4797-4056-97a4-0558835b4d43/455f2e11-79a8-427e-baff-fd14cff2f33e/9c4da1a2-fb79-47f4-a0ff-077e35957e9c/33064f6b-71c5-4898-ba81-0ba8fb7414bb,CDGC
SDOM-24,FF_RAH_CUSTOMER,RAH_FF_DOMAIN | DOM-18,,,Published,,FF_RAH_CUSTOMER,,,,,RahinR,,,"","","",Assigned,RAH_FF_DOMAIN/FF_RAH_CUSTOMER,Update,"Jan 10, 2025, 09:33:04 AM",RahinR,"Jan 10, 2025, 09:45:07 AM",RahinR,342b9ea6-bc66-4623-b1f4-ae63dcd5ad89,CDGC://72405ab7-d259-4dd8-9ac2-e9bd2d2893bb/342b9ea6-bc66-4623-b1f4-ae63dcd5ad89,CDGC
Subdomain-1,Employee Details,AS_HR | Domain-1,,Details of the employee,Published,Public,EMP,,,,,anfeezas,,,"","","",Assigned,AS_HR/Employee Details,Update,"Jan 13, 2025, 05:28:23 AM",anfeezas,"Jan 13, 2025, 05:28:23 AM",anfeezas,3664eeb3-5f92-483e-a55d-71575e4e0c65,CDGC://cc017be5-6641-411a-8949-d0f5d2ccda45/3664eeb3-5f92-483e-a55d-71575e4e0c65,CDGC
SDOM-28,SD_AS_Demo,D_AS_Demo | DOM-21,,,Published,Public,,,,,,AshikaA,,,"","","",Assigned,D_AS_Demo/SD_AS_Demo,Update,"Jan 22, 2025, 12:46:41 PM",AshikaA,"Jan 22, 2025, 12:46:41 PM",AshikaA,46871e18-a5b9-41d4-910e-90124e375027,CDGC://d3015593-8c0b-4a93-8f36-f36310da96ae/46871e18-a5b9-41d4-910e-90124e375027,CDGC
GLOS-1012,IT & Digitization,Business Glossary | BG-00,,IT & Digitization,Published,Public,,,,,,,,,"","","",,Business Glossary/IT & Digitization,Update,"Sep 19, 2024, 05:44:12 AM",infa_admin,"Sep 19, 2024, 05:44:12 AM",infa_admin,56b53872-86cc-421a-a96e-802744fba310,CDGC://fa01dd64-4797-4056-97a4-0558835b4d43/56b53872-86cc-421a-a96e-802744fba310,CDGC
Instructor-subdomain-30,Party Tax,Party | Instructor-domain-1,,"Tax details of a party include taxation country, tax payer type, tax number, and tax authority.",Published,Public,,,,,,infa_data,infa_admin,,"","","",Assigned,Party/Party Tax,Update,"Oct 01, 2024, 08:09:53 AM",infa_admin,"Oct 01, 2024, 08:09:53 AM",infa_admin,5f45f645-5e21-46b1-878c-17ed2bdbbe1f,CDGC://cfefb780-1bc4-431a-8f89-4e05f6acbff2/5f45f645-5e21-46b1-878c-17ed2bdbbe1f,CDGC
GLOS-920,IT Infrastructure and Information Security Solutions,,IT & Digitization | GLOS-1012,IT Infrastructure and Information Security Solutions,Published,Public,,,,,,infa_data,infa_admin,,"","","",Assigned,Business Glossary/IT & Digitization/IT Infrastructure and Information Security Solutions,Update,"Sep 19, 2024, 06:01:51 AM",infa_admin,"Sep 19, 2024, 06:01:51 AM",infa_admin,630f9f98-9765-47b4-bb84-a26a1a9ebfd3,CDGC://fa01dd64-4797-4056-97a4-0558835b4d43/56b53872-86cc-421a-a96e-802744fba310/630f9f98-9765-47b4-bb84-a26a1a9ebfd3,CDGC
Instructor-subdomain-17,Party Classification,Party | Instructor-domain-1,,"Parties can be classified based on ownership, liability, industry classification, minority classification, size classification, income classification, or specialization. For example, you might use the North American Industry Classification System (NAICS) or the Standard Industrial Classification (SIC) to categorize parties. In the healthcare sector, you might classify parties based on specialities, such as pediatrics or ophthalmology.",Published,Public,,,,,,infa_data,infa_admin,,"","","",Assigned,Party/Party Classification,Update,"Oct 01, 2024, 08:09:53 AM",infa_admin,"Oct 01, 2024, 08:09:53 AM",infa_admin,64db4abf-56e6-42fc-9823-fdc25d45a37e,CDGC://cfefb780-1bc4-431a-8f89-4e05f6acbff2/64db4abf-56e6-42fc-9823-fdc25d45a37e,CDGC
SDOM-36,SD3,DM3 | DOM-31,,bye3,Published,Public,,,,,,,,,"","","",,DM3/SD3,Update,"Mar 04, 2025, 11:59:35 AM",john,"Mar 04, 2025, 11:59:35 AM",john,6b31c0e4-d8c3-4da4-89e0-be3dff7328e7,CDGC://e6866de8-2e42-4e13-a9b7-347b77148daa/6b31c0e4-d8c3-4da4-89e0-be3dff7328e7,CDGC
Instructor-subdomain-10,Party Employment,,Person | Instructor-subdomain-4,"Employment details of a party comprise the name of employer, line of business, location, etc.",Published,Public,,,,,,infa_data,infa_admin,,"","","",Assigned,Party/Person/Party Employment,Update,"Oct 01, 2024, 08:09:53 AM",infa_admin,"Oct 01, 2024, 08:09:53 AM",infa_admin,79407bed-1880-4440-bb5f-cc9dc34298f5,CDGC://cfefb780-1bc4-431a-8f89-4e05f6acbff2/a17e5f8f-7de0-4aa3-badd-2764fdb8d54a/79407bed-1880-4440-bb5f-cc9dc34298f5,CDGC
SDOM-45,AdvnWorks_Person_SubDomain,Goutham_AdvnWorks_Domain | DOM-43,,,Published,Confidential,,,,Goutham,,,,,"","","",Assigned,Goutham_AdvnWorks_Domain/AdvnWorks_Person_SubDomain,Update,"Mar 20, 2025, 01:06:28 PM",Goutham,"Mar 20, 2025, 01:06:32 PM",Goutham,8461515d-0b5d-41c0-9d4d-d81b6b6b64ec,CDGC://91e3d7ee-1bbf-468f-942f-82f8d82cae0f/8461515d-0b5d-41c0-9d4d-d81b6b6b64ec,CDGC
SDOM-33,SD1,,,,Published,Public,,,,,,,,,"","","",,SD1,Update,"Mar 04, 2025, 11:59:35 AM",john,"Mar 05, 2025, 05:15:57 AM",john,93797b41-b883-4c60-9fe5-456c9671c7ae,CDGC://93797b41-b883-4c60-9fe5-456c9671c7ae,CDGC
GLOS-1030,HCM Joint Terms - Group 2,,Human Capital Management | BG-11,1- Talent Acquisition - Hiring & Onboarding 2- Human Capital Services -  Employees Relations & Grievances,Published,Public,,,,,,infa_data,infa_admin,,"","","",Assigned,Business Glossary/Human Capital Management/HCM Joint Terms - Group 2,Update,"Sep 19, 2024, 06:01:51 AM",infa_admin,"Sep 19, 2024, 06:01:51 AM",infa_admin,ad6038bf-2f06-4bdb-a7e1-f77baa336a52,CDGC://fa01dd64-4797-4056-97a4-0558835b4d43/455f2e11-79a8-427e-baff-fd14cff2f33e/ad6038bf-2f06-4bdb-a7e1-f77baa336a52,CDGC
SDOM-30,dbo,test | DOM-23,,,Published,,,,,,,,,,"","","",,test/dbo,Update,"Feb 03, 2025, 05:01:00 AM",Sherin,"Feb 03, 2025, 05:01:00 AM",Sherin,b5e18d1b-0684-4bed-bd13-3e47b7a3adc9,CDGC://a5568c1a-59a8-479e-b0b1-3de96e47ef38/b5e18d1b-0684-4bed-bd13-3e47b7a3adc9,CDGC
SDOM-39,EMPLOYEES,ACJ_Oracle_Employees_extract | DOM-37,,,Published,,,,,,,,,Ancy,"","","",Assigned,ACJ_Oracle_Employees_extract/EMPLOYEES,Update,"Mar 05, 2025, 06:56:55 AM",Ancy,"Mar 05, 2025, 06:56:58 AM",Ancy,bb889df0-f0e6-4aef-900d-871359c0e234,CDGC://8f15553b-4249-4777-85a2-200705de5ad4/bb889df0-f0e6-4aef-900d-871359c0e234,CDGC
SDOM-15,SD_B2B_JOBS,D_B2B_JOBS | DOM-10,,,Published,Internal,SD_JOBS,,,,,AswathyNagarajan;CajorinM,AswathyNagarajan;CajorinM,,"","","",Assigned,D_B2B_JOBS/SD_B2B_JOBS,Update,"Sep 30, 2024, 11:22:42 AM",CajorinM,"Sep 30, 2024, 11:22:42 AM",CajorinM,cab927d3-a9f7-4196-b4a7-4568e6e97831,CDGC://83adb60f-6469-4d9d-a962-39acf0502bc9/cab927d3-a9f7-4196-b4a7-4568e6e97831,CDGC
SDOM-10,Employee,AS_Employee | DOM-7,,Employee Personal Details,Published,,Employee,,,,,anfeezas,kaviya,,"","","",Assigned,AS_Employee/Employee,Update,"Sep 29, 2024, 07:52:13 AM",anfeezas,"Sep 29, 2024, 07:52:13 AM",anfeezas,d4e69ffe-61ea-4bc1-a7ff-ec8e896e523b,CDGC://1a8445ea-a27c-4ba3-b67c-33d8a69074a2/d4e69ffe-61ea-4bc1-a7ff-ec8e896e523b,CDGC
Instructor-subdomain-13,Party Group,Party | Instructor-domain-1,,"Party group is the category to which the party belongs. A group is an informal structure of persons or organizations, such as a household, a special interest or advocacy group, or a project group. Individual parties can be grouped if they are affiliated together and you want to treat them as a separate entity. A party can belong to one or more groups depending on the rules defined for categorizing the parties. For example, a household is a set of persons (parties) who are extended members of the same family, and who can be treated as a unit for certain purposes, such as marketing.",Published,Public,,,,,abish,infa_data,infa_admin,,"","","",Assigned,Party/Party Group,Update,"Oct 01, 2024, 08:09:53 AM",infa_admin,"Mar 19, 2025, 05:29:02 AM",abish,d80f7ff8-e9f6-4b85-947b-2878d8cf8089,CDGC://cfefb780-1bc4-431a-8f89-4e05f6acbff2/d80f7ff8-e9f6-4b85-947b-2878d8cf8089,CDGC
SDOM-22,Address Test,DEMO | DOM-16,,,Published,,Add Test,,,,,,,,"","","",,DEMO/Address Test,Update,"Jan 08, 2025, 01:09:21 PM",AswathyNagarajan,"Jan 08, 2025, 01:09:21 PM",AswathyNagarajan,f1a04474-233b-46ed-a327-ff6fa90726d6,CDGC://5e49a6fe-8571-4a13-8bd8-ef2331d6beef/f1a04474-233b-46ed-a327-ff6fa90726d6,CDGC
Instructor-subdomain-29,Party Status,Party | Instructor-domain-1,,"The status of a party can be registered, approved, active, or inactive.",Published,Public,,,,,,infa_data,infa_admin,,"","","",Assigned,Party/Party Status,Update,"Oct 01, 2024, 08:09:53 AM",infa_admin,"Oct 01, 2024, 08:09:53 AM",infa_admin,f1b42b00-2167-48bb-9c88-dc27be4651ae,CDGC://cfefb780-1bc4-431a-8f89-4e05f6acbff2/f1b42b00-2167-48bb-9c88-dc27be4651ae,CDGC
SDOM-12,CD Department,CD Employees | DOM-9,,,Published,,Dep,,,,,AswathyNagarajan;dharshinic,,,"","","",Assigned,CD Employees/CD Department,Update,"Sep 30, 2024, 07:42:11 AM",dharshinic,"Sep 30, 2024, 07:42:11 AM",dharshinic,f903cc6c-eb84-45bb-981a-1ddc8535945a,CDGC://33628056-fbf3-4498-936c-9aa5e0ebd3d4/f903cc6c-eb84-45bb-981a-1ddc8535945a,CDGC
SDOM-31,Unifi_Employees_sub,unifi_Employees | DOM-24,,,Published,,,,,,,,,,"","","",,unifi_Employees/Unifi_Employees_sub,Update,"Feb 03, 2025, 12:31:56 PM",AswathyNagarajan,"Feb 03, 2025, 12:31:56 PM",AswathyNagarajan,fc6594e7-8a78-4893-beef-31f9c6319541,CDGC://66f98dc6-4a4d-474e-814c-1e49656d4cfc/fc6594e7-8a78-4893-beef-31f9c6319541,CDGC
SDOM-19,SANJAI_EMPLOYEE,CD Employees | DOM-9,,,Published,Confidential,SAN_EMP,,,,,,,,"","","",,CD Employees/SANJAI_EMPLOYEE,Update,"Nov 26, 2024, 07:47:58 AM",AswathyNagarajan,"Nov 26, 2024, 07:47:58 AM",AswathyNagarajan,15b7f4b1-c9e8-47b0-8d49-2d3cbeae35d9,CDGC://33628056-fbf3-4498-936c-9aa5e0ebd3d4/15b7f4b1-c9e8-47b0-8d49-2d3cbeae35d9,CDGC
Instructor-subdomain-25,Party Opt In Information,Party | Instructor-domain-1,,"Parties specify whether an organization can contact them and what kind of contact is acceptable. For example, a party might allow marketers to send information, messages, or merchandise about products and services to the party or might restrict marketers from any contact with the party.",Published,Public,,,,,,infa_data,infa_admin,,"","","",Assigned,Party/Party Opt In Information,Update,"Oct 01, 2024, 08:09:53 AM",infa_admin,"Oct 01, 2024, 08:09:53 AM",infa_admin,172e3672-fd4b-4614-809d-77cf92095e03,CDGC://cfefb780-1bc4-431a-8f89-4e05f6acbff2/172e3672-fd4b-4614-809d-77cf92095e03,CDGC
SDOM-8,Employee,Human_resource | DOM-2,,,Published,,Emp,,,,,sreejith;RiswinT,sreejith,,"","","",Assigned,Human_resource/Employee,Update,"Sep 26, 2024, 05:16:30 AM",sreejith,"Sep 26, 2024, 05:16:30 AM",sreejith,3b646c2e-9c48-458b-8f5a-5e298c606fa4,CDGC://b824c3be-60ae-4db2-9d47-58a2e2d2e900/3b646c2e-9c48-458b-8f5a-5e298c606fa4,CDGC
Instructor-subdomain-26,Party Phone Communication,Party | Instructor-domain-1,,"Phone numbers can be landline, mobile, or fax. Phone numbers might be bound to the postal address of the party. The availability of the phone number, effective date, and validity provide additional information for phone communication with the party.",Published,Public,,,,,,infa_data,infa_admin,,"","","",Assigned,Party/Party Phone Communication,Update,"Oct 01, 2024, 08:09:53 AM",infa_admin,"Oct 01, 2024, 08:09:53 AM",infa_admin,4ecadc7f-fdea-403a-9a38-81dd057c5b38,CDGC://cfefb780-1bc4-431a-8f89-4e05f6acbff2/4ecadc7f-fdea-403a-9a38-81dd057c5b38,CDGC
Instructor-subdomain-11,Party Lifestyle,,Person | Instructor-subdomain-4,"Lifestyle details give additional information about the party applicable to a person, such as behavior and interests. Lifestyle information includes travel style, hobbies, and entertainment preferences.",Published,Public,,,,,,infa_data,infa_admin,,"","","",Assigned,Party/Person/Party Lifestyle,Update,"Oct 01, 2024, 08:09:53 AM",infa_admin,"Oct 01, 2024, 08:09:53 AM",infa_admin,5229c84d-b35c-4f02-9c4b-030ca5001796,CDGC://cfefb780-1bc4-431a-8f89-4e05f6acbff2/a17e5f8f-7de0-4aa3-badd-2764fdb8d54a/5229c84d-b35c-4f02-9c4b-030ca5001796,CDGC
Tearm 3,Employ,,,,Published,,,,,,,,,,"","","",,Employ,Update,"Jan 06, 2025, 11:19:27 AM",RiswinT,"Jan 06, 2025, 11:19:27 AM",RiswinT,53b9b81d-139b-4661-8709-2870dcfebe6d,CDGC://53b9b81d-139b-4661-8709-2870dcfebe6d,CDGC
Instructor-subdomain-15,Party Alternate Name,Party | Instructor-domain-1,,"An organization or a person might use different names, such as legal name, professional name, alias, doing business as, and maiden name. An alternative name might be active during a particular time.",Published,Public,,,,,,infa_data,infa_admin,,"","","",Assigned,Party/Party Alternate Name,Update,"Oct 01, 2024, 08:09:53 AM",infa_admin,"Oct 01, 2024, 08:09:53 AM",infa_admin,68ba7c92-46d0-46e1-83e4-0d0e8b0b2def,CDGC://cfefb780-1bc4-431a-8f89-4e05f6acbff2/68ba7c92-46d0-46e1-83e4-0d0e8b0b2def,CDGC
SDOM-40,_john_SD_BankAccount,,,,Published,Restricted,,,this is single table in db,,,,,,"","","",,_john_SD_BankAccount,Update,"Mar 11, 2025, 05:36:57 AM",abish,"Mar 11, 2025, 05:36:57 AM",abish,697bc9ba-4ff2-4bf7-b42c-93e1cc1effbb,CDGC://697bc9ba-4ff2-4bf7-b42c-93e1cc1effbb,CDGC
Instructor-subdomain-19,Party Communication Preference,Party | Instructor-domain-1,,"Communication with a party must adhere to the communication preference of the party. You can store how, when, and where a party prefers to receive communication, information, or messages. You can add the communication preference on all communication channels, such as physical address, email address, phone, and social media.",Published,Public,,,,,,infa_data,infa_admin,,"","","",Assigned,Party/Party Communication Preference,Update,"Oct 01, 2024, 08:09:53 AM",infa_admin,"Oct 01, 2024, 08:09:53 AM",infa_admin,6cccc62a-80a1-4827-8bd1-d6c5e3d35adf,CDGC://cfefb780-1bc4-431a-8f89-4e05f6acbff2/6cccc62a-80a1-4827-8bd1-d6c5e3d35adf,CDGC
GLOS-910,Performance Management & Career Development,,Talent & Performance | GLOS-921,Performance Management & Career Development,Published,Public,,,,,,infa_data,infa_admin,,"","","",Assigned,Business Glossary/Human Capital Management/Talent & Performance/Performance Management & Career Development,Update,"Sep 19, 2024, 06:08:43 AM",infa_admin,"Sep 19, 2024, 06:08:43 AM",infa_admin,8fef368b-e25d-44c4-bf69-c5d27ddfd4e5,CDGC://fa01dd64-4797-4056-97a4-0558835b4d43/455f2e11-79a8-427e-baff-fd14cff2f33e/90efae37-5038-47c0-9b26-e0b2d171614c/8fef368b-e25d-44c4-bf69-c5d27ddfd4e5,CDGC
SDOM-44,subdomain_employee,,,,Published,,,,,,,,,,"","","",,subdomain_employee,Update,"Mar 16, 2025, 11:33:31 AM",beenu,"Mar 16, 2025, 11:33:31 AM",beenu,915e5c67-10a5-428f-9646-9aa17ff0eb40,CDGC://915e5c67-10a5-428f-9646-9aa17ff0eb40,CDGC
SDOM-18,Department Salary,B2B DWH Rah | DOM-11,,,Published,,Dep Sal,,,,,,,,"","","",,B2B DWH Rah/Department Salary,Update,"Oct 14, 2024, 05:15:11 AM",AswathyNagarajan,"Oct 14, 2024, 05:15:11 AM",AswathyNagarajan,968a70da-4d61-47c4-b948-4beb09541aca,CDGC://90ac7f72-bed2-4bed-b65e-85bce5152123/968a70da-4d61-47c4-b948-4beb09541aca,CDGC
GLOS-923,Talent Acquisition,,Human Capital Management | BG-11,Talent Acquisition,Published,Public,,,,,,infa_data,infa_admin,,"","","",Assigned,Business Glossary/Human Capital Management/Talent Acquisition,Update,"Sep 19, 2024, 06:01:51 AM",infa_admin,"Sep 19, 2024, 06:01:51 AM",infa_admin,9c4da1a2-fb79-47f4-a0ff-077e35957e9c,CDGC://fa01dd64-4797-4056-97a4-0558835b4d43/455f2e11-79a8-427e-baff-fd14cff2f33e/9c4da1a2-fb79-47f4-a0ff-077e35957e9c,CDGC
Instructor-subdomain-3,Party Stock Exchange,,Organization | Instructor-subdomain-1,The stock exchange information includes the name of the stock exchange where the shares of the party are traded and the ticker symbol of the organization.,Published,Public,,,,,,infa_data,infa_admin,,"","","",Assigned,Party/Organization/Party Stock Exchange,Update,"Oct 01, 2024, 08:09:53 AM",infa_admin,"Oct 01, 2024, 08:09:53 AM",infa_admin,c275f297-11e7-400c-a2de-b1e6778e326b,CDGC://cfefb780-1bc4-431a-8f89-4e05f6acbff2/d95abf73-32e9-49c9-b079-207f29e13640/c275f297-11e7-400c-a2de-b1e6778e326b,CDGC
GLOS-912,Payroll,,Human Capital Services | GLOS-922,Payroll and Benefits Administration,Published,Public,,,,,,infa_data,infa_admin,,"","","",Assigned,Business Glossary/Human Capital Management/Human Capital Services/Payroll,Update,"Sep 19, 2024, 06:08:43 AM",infa_admin,"Sep 19, 2024, 06:08:43 AM",infa_admin,c69ed606-780f-4e2b-ba57-070879b66e4d,CDGC://fa01dd64-4797-4056-97a4-0558835b4d43/455f2e11-79a8-427e-baff-fd14cff2f33e/ffa49b9f-3b59-4031-8da5-091255267c58/c69ed606-780f-4e2b-ba57-070879b66e4d,CDGC
Instructor-subdomain-33,Postal Address Enrichment Status,Postal Address | Instructor-domain-2,,"Postal addresses can be standardized and enriched with data, such as county code, postal code, and locality identifiers. You can have country-specific address enrichments to improve the address quality and usability. When you enrich postal addresses, the enrichment service might return status codes along with the address output.",Published,Public,,,,,,infa_data,infa_admin,,"","","",Assigned,Postal Address/Postal Address Enrichment Status,Update,"Oct 01, 2024, 08:09:53 AM",infa_admin,"Oct 01, 2024, 08:09:53 AM",infa_admin,ce5c0e8d-16e3-4e6c-9cb7-871215bc6db0,CDGC://71a19c09-321a-4359-8a49-e2cfc57c8ee2/ce5c0e8d-16e3-4e6c-9cb7-871215bc6db0,CDGC
Instructor-subdomain-9,Party Education,,Person | Instructor-subdomain-4,A party can have educational details or skills. You might use the information to screen a party.,Published,Public,,,,,,infa_data,infa_admin,,"","","",Assigned,Party/Person/Party Education,Update,"Oct 01, 2024, 08:09:53 AM",infa_admin,"Oct 01, 2024, 08:09:53 AM",infa_admin,d06ef326-3255-4a0e-a628-06ef300d5461,CDGC://cfefb780-1bc4-431a-8f89-4e05f6acbff2/a17e5f8f-7de0-4aa3-badd-2764fdb8d54a/d06ef326-3255-4a0e-a628-06ef300d5461,CDGC
GLOS-908,Access Management,,IT Infrastructure and Information Security Solutions | GLOS-920,Access Management,Published,Public,,,,,,infa_data,infa_admin,,"","","",Assigned,Business Glossary/IT & Digitization/IT Infrastructure and Information Security Solutions/Access Management,Update,"Sep 19, 2024, 06:08:43 AM",infa_admin,"Sep 19, 2024, 06:08:43 AM",infa_admin,d124946d-9094-4c25-9079-3a1290e57cb5,CDGC://fa01dd64-4797-4056-97a4-0558835b4d43/56b53872-86cc-421a-a96e-802744fba310/630f9f98-9765-47b4-bb84-a26a1a9ebfd3/d124946d-9094-4c25-9079-3a1290e57cb5,CDGC
Instructor-subdomain-6,Customer,,Person | Instructor-subdomain-4,"Customer, client of your company, member enrolled in your company's offering, etc.",Published,Public,,,,,,infa_data,infa_admin,,"","","",Assigned,Party/Person/Customer,Update,"Oct 01, 2024, 08:09:53 AM",infa_admin,"Oct 01, 2024, 08:09:53 AM",infa_admin,d1868098-0fd2-454d-a55b-6b110d18f2ce,CDGC://cfefb780-1bc4-431a-8f89-4e05f6acbff2/a17e5f8f-7de0-4aa3-badd-2764fdb8d54a/d1868098-0fd2-454d-a55b-6b110d18f2ce,CDGC
SUB-DOMAIN-2,Product Design and R&D,Product Development & Management | DOMAIN-1,,The Product Design and R&D information domain,Published,Public,PDR,,,,,Selciya,,,"","","",Assigned,Product Development & Management/Product Design and R&D,Update,"Jan 11, 2025, 08:11:24 AM",Selciya,"Jan 11, 2025, 08:11:24 AM",Selciya,d354bdb3-9b20-46d3-bb96-3d8bef6ed2a7,CDGC://4b4ecc83-61f7-42d5-98ad-23749c7faf62/d354bdb3-9b20-46d3-bb96-3d8bef6ed2a7,CDGC
SDOM-1,Emp-Sub-Domain,Emp-Domain | DOM-1,,Employee Sub Domain,Published,Public,ESD,Employee details,,,,,,,"","","",,Emp-Domain/Emp-Sub-Domain,Update,"Jun 13, 2024, 07:37:29 AM",Deleted,"Jun 13, 2024, 07:37:29 AM",Deleted,e1242515-2002-401e-a70a-cef9b15b7467,CDGC://f99de1b8-91dc-41d3-a89f-a10b5565ff11/e1242515-2002-401e-a70a-cef9b15b7467,CDGC
GLOS-918,OD & Manpower Planning,,HC COE | GLOS-924,Organization Development & Manpower Planning,Published,Public,,,,,,infa_data,infa_admin,,"","","",Assigned,Business Glossary/Human Capital Management/HC COE/OD & Manpower Planning,Update,"Sep 19, 2024, 06:08:43 AM",infa_admin,"Sep 19, 2024, 06:08:43 AM",infa_admin,e340a38e-6ac3-4db8-a04f-eb444b07b408,CDGC://fa01dd64-4797-4056-97a4-0558835b4d43/455f2e11-79a8-427e-baff-fd14cff2f33e/d7855461-546b-487f-a589-593392eae9b2/e340a38e-6ac3-4db8-a04f-eb444b07b408,CDGC
Instructor-subdomain-27,Party Social Media Handle,Party | Instructor-domain-1,,"A party can have multiple social media handles for social media channels and platforms, such as Facebook and Twitter.",Published,Public,,,,,,infa_data,infa_admin,,"","","",Assigned,Party/Party Social Media Handle,Update,"Oct 01, 2024, 08:09:53 AM",infa_admin,"Oct 01, 2024, 08:09:53 AM",infa_admin,f6539fbe-55ca-46e7-971a-9d9e5146bc9f,CDGC://cfefb780-1bc4-431a-8f89-4e05f6acbff2/f6539fbe-55ca-46e7-971a-9d9e5146bc9f,CDGC
SDOM-25,FF_Customer_SubDomain,FF_Customer_Domain | DOM-19,,,Published,,,,,,,,vineshv,,"","","",Assigned,FF_Customer_Domain/FF_Customer_SubDomain,Update,"Jan 10, 2025, 09:37:52 AM",vineshv,"Jan 10, 2025, 09:37:55 AM",vineshv,f8957338-b687-4135-b217-1e24faac0cdb,CDGC://84e56b6d-9758-43c6-87c8-1e7152d01b1c/f8957338-b687-4135-b217-1e24faac0cdb,CDGC
GLOS-917,Total Rewards & Talent Management,,HC COE | GLOS-924,Total Rewards & Talent Management,Published,Public,,,,,,infa_data,infa_admin,,"","","",Assigned,Business Glossary/Human Capital Management/HC COE/Total Rewards & Talent Management,Update,"Sep 19, 2024, 06:08:43 AM",infa_admin,"Sep 19, 2024, 06:08:43 AM",infa_admin,0387def2-deb8-4c29-bab3-43dffb836d40,CDGC://fa01dd64-4797-4056-97a4-0558835b4d43/455f2e11-79a8-427e-baff-fd14cff2f33e/d7855461-546b-487f-a589-593392eae9b2/0387def2-deb8-4c29-bab3-43dffb836d40,CDGC
SDOM-34,SD4,DM4 | DOM-32,,bye4,Published,Public,,,,,,,,,"","","",,DM4/SD4,Update,"Mar 04, 2025, 11:59:35 AM",john,"Mar 04, 2025, 11:59:35 AM",john,103f7b9c-98b3-48fd-9332-3cb7322a77a7,CDGC://9c8bbcf7-c2fe-4073-a92f-625f11c2c335/103f7b9c-98b3-48fd-9332-3cb7322a77a7,CDGC
Instructor-subdomain-7,Party Citizenship,,Person | Instructor-subdomain-4,"Citizenship details of a party include citizenship status, effective date, and supporting documents.",Published,Public,,,,,,infa_data,infa_admin,,"","","",Assigned,Party/Person/Party Citizenship,Update,"Oct 01, 2024, 08:09:53 AM",infa_admin,"Oct 01, 2024, 08:09:53 AM",infa_admin,231f05e2-a577-4795-ac03-3af6a785a24e,CDGC://cfefb780-1bc4-431a-8f89-4e05f6acbff2/a17e5f8f-7de0-4aa3-badd-2764fdb8d54a/231f05e2-a577-4795-ac03-3af6a785a24e,CDGC
SDOM-29,onlinefood,sqlserver | DOM-22,,,Published,,,,,,,Sherin,,,"","","",Assigned,sqlserver/onlinefood,Update,"Feb 02, 2025, 11:35:33 AM",Sherin,"Feb 02, 2025, 11:47:40 AM",Sherin,24358a1b-cb16-4217-9122-b528198aaa2a,CDGC://572bf61d-5dbe-4041-8b75-a258f2e3d8ea/24358a1b-cb16-4217-9122-b528198aaa2a,CDGC
Instructor-subdomain-20,Party Customer Indicator,Party | Instructor-domain-1,,"Customer indicators provide additional information about a party. Customer indicators might be key opinion leader, promoter, detractor, minority-owned, women-owned, locally based, and small business.",Published,Public,,,,,,infa_data,infa_admin,,"","","",Assigned,Party/Party Customer Indicator,Update,"Oct 01, 2024, 08:09:53 AM",infa_admin,"Oct 01, 2024, 08:09:53 AM",infa_admin,2e10c520-d2f9-4550-9038-dba0476cd81d,CDGC://cfefb780-1bc4-431a-8f89-4e05f6acbff2/2e10c520-d2f9-4550-9038-dba0476cd81d,CDGC
Instructor-subdomain-8,Party Demography,,Person | Instructor-subdomain-4,"A party might be defined through demographic factors, such as ethnicity, income level, age, profession, gender, number of children in the household.",Published,Public,,,,,,infa_data,infa_admin,,"","","",Assigned,Party/Person/Party Demography,Update,"Oct 01, 2024, 08:09:53 AM",infa_admin,"Oct 01, 2024, 08:09:53 AM",infa_admin,38105c34-54bc-4e25-af21-de5f93a61903,CDGC://cfefb780-1bc4-431a-8f89-4e05f6acbff2/a17e5f8f-7de0-4aa3-badd-2764fdb8d54a/38105c34-54bc-4e25-af21-de5f93a61903,CDGC
SUB-DOMAIN-5,Retail Customers Information,"Customer Experience, Sales & Service | DOMAIN-3",,The Retail Customers information domain,Published,Public,RC,,,,,Selciya,,,"","","",Assigned,"Customer Experience, Sales & Service/Retail Customers Information",Update,"Jan 11, 2025, 08:11:24 AM",Selciya,"Jan 11, 2025, 08:11:24 AM",Selciya,3dab86d5-5fbb-4d6a-9b8b-14af47e69724,CDGC://9601734e-b1ad-44f9-825d-cf19a3fae9b7/3dab86d5-5fbb-4d6a-9b8b-14af47e69724,CDGC
Instructor-subdomain-28,Party Specialization,Party | Instructor-domain-1,,"Area of specialization is helpful to build the professional profile of the party. For example, in the healthcare provider domain, specialization can be ophthalmology, pathology, and psychiatry.",Published,Public,,,,,,infa_data,infa_admin,,"","","",Assigned,Party/Party Specialization,Update,"Oct 01, 2024, 08:09:53 AM",infa_admin,"Oct 01, 2024, 08:09:53 AM",infa_admin,4741c347-b833-4618-b66f-be06fa41e516,CDGC://cfefb780-1bc4-431a-8f89-4e05f6acbff2/4741c347-b833-4618-b66f-be06fa41e516,CDGC
SDOM-42,SD JG Customer Details,D JG Customer Details | DOM-39,,,Published,Confidential,,,,,,,,,"","","",,D JG Customer Details/SD JG Customer Details,Update,"Mar 11, 2025, 08:06:53 AM",Juli,"Mar 11, 2025, 08:06:53 AM",Juli,5ac4eaa4-1bd4-43dc-a8a0-0c8b1cc262c3,CDGC://9473af0a-7c1d-4fea-b910-f544a026cfaf/5ac4eaa4-1bd4-43dc-a8a0-0c8b1cc262c3,CDGC
SDOM-38,Andrea_Alpha,Test_domain | DOM-36,,,Published,,,,,,,,,Subisha,"","","",Assigned,Test_domain/Andrea_Alpha,Update,"Mar 05, 2025, 06:06:04 AM",Subisha,"Mar 05, 2025, 06:06:08 AM",Subisha,6602a3f3-e8a0-42c8-bc2f-66312c3e667d,CDGC://b81d91db-2ec5-460b-96f3-ca496d731722/6602a3f3-e8a0-42c8-bc2f-66312c3e667d,CDGC
SDOM-37,Andrea_Currency,Currency | DOM-35,,,Published,,,,,,,,,Shefreena,"","","",Assigned,Currency/Andrea_Currency,Update,"Mar 05, 2025, 05:55:56 AM",Shefreena,"Mar 05, 2025, 05:57:55 AM",Shefreena,6cc2325b-6dac-4fb5-9745-9d22f8db79e4,CDGC://13463edd-5b08-4c3d-bb82-abe7282ad3f9/6cc2325b-6dac-4fb5-9745-9d22f8db79e4,CDGC
Instructor-subdomain-31,Party Postal Address,Party | Instructor-domain-1,,"Party Postal Address includes not only one or more Physical Addresses but also additional information such as useage types, start and end dates, etc.",Published,Public,,,,,,infa_data,infa_admin,,"","","",Assigned,Party/Party Postal Address,Update,"Oct 01, 2024, 08:09:53 AM",infa_admin,"Oct 01, 2024, 08:09:53 AM",infa_admin,751cf73c-53bf-48ff-b5b8-a45de0ac77e2,CDGC://cfefb780-1bc4-431a-8f89-4e05f6acbff2/751cf73c-53bf-48ff-b5b8-a45de0ac77e2,CDGC
SDOM-17,Countries,B2B DWH Rah | DOM-11,,,Published,,Cntry,,,,,,,,"","","",,B2B DWH Rah/Countries,Update,"Oct 14, 2024, 05:15:11 AM",AswathyNagarajan,"Oct 14, 2024, 05:15:11 AM",AswathyNagarajan,75749e65-cffc-45fc-bf02-e6f662b30472,CDGC://90ac7f72-bed2-4bed-b65e-85bce5152123/75749e65-cffc-45fc-bf02-e6f662b30472,CDGC
SDOM-9,DEPARTMENT,Human_resource | DOM-5,,,Published,,DEP,,,,,,,,"","","",Assigned,Human_resource/DEPARTMENT,Update,"Sep 26, 2024, 05:20:55 AM",Deleted,"Sep 26, 2024, 05:20:55 AM",Deleted,780685da-e75b-4fa1-beaf-30944f4b5fcb,CDGC://0359038c-31fb-4e4e-afb5-14c875d22bb1/780685da-e75b-4fa1-beaf-30944f4b5fcb,CDGC
GLOS-915,Hiring & Onboarding,,Talent Acquisition | GLOS-923,Hiring & Onboarding,Published,Public,,,,,,infa_data,infa_admin,,"","","",Assigned,Business Glossary/Human Capital Management/Talent Acquisition/Hiring & Onboarding,Update,"Sep 19, 2024, 06:08:43 AM",infa_admin,"Sep 19, 2024, 06:08:43 AM",infa_admin,7ff71694-939d-4427-b51e-95bb8276414e,CDGC://fa01dd64-4797-4056-97a4-0558835b4d43/455f2e11-79a8-427e-baff-fd14cff2f33e/9c4da1a2-fb79-47f4-a0ff-077e35957e9c/7ff71694-939d-4427-b51e-95bb8276414e,CDGC
SDOM-13,Country,CD Employees | DOM-9,,,Published,Internal,Cntry,,,,,anfeezas,AswathyNagarajan,,"","","",Assigned,CD Employees/Country,Update,"Sep 30, 2024, 07:58:03 AM",AswathyNagarajan,"Sep 30, 2024, 07:58:03 AM",AswathyNagarajan,9486327d-9583-4a50-907a-0a13f9a89a2a,CDGC://33628056-fbf3-4498-936c-9aa5e0ebd3d4/9486327d-9583-4a50-907a-0a13f9a89a2a,CDGC
Instructor-subdomain-23,Party Enrichment,Party | Instructor-domain-1,,"You can improve the customer data by integrating with services that provide enrichment data. You can integrate Dun and Bradstreet information for business data enrichment. You can integrate with external services for phone number validation, address cleansing, validation, and standardization.",Published,Public,,,,,,infa_data,infa_admin,,"","","",Assigned,Party/Party Enrichment,Update,"Oct 01, 2024, 08:09:53 AM",infa_admin,"Oct 01, 2024, 08:09:53 AM",infa_admin,a8d206ed-e64c-405e-a627-eb3c955ec776,CDGC://cfefb780-1bc4-431a-8f89-4e05f6acbff2/a8d206ed-e64c-405e-a627-eb3c955ec776,CDGC
GLOS-911,QA & HRSM,,Human Capital Services | GLOS-922,QA & HRSM,Published,Public,,,,,,infa_data,infa_admin,,"","","",Assigned,Business Glossary/Human Capital Management/Human Capital Services/QA & HRSM,Update,"Sep 19, 2024, 06:08:43 AM",infa_admin,"Sep 19, 2024, 06:08:43 AM",infa_admin,b08a691f-48fe-4957-86eb-b68a4dbcb1ff,CDGC://fa01dd64-4797-4056-97a4-0558835b4d43/455f2e11-79a8-427e-baff-fd14cff2f33e/ffa49b9f-3b59-4031-8da5-091255267c58/b08a691f-48fe-4957-86eb-b68a4dbcb1ff,CDGC
Instructor-subdomain-32,Address Line 1,Postal Address | Instructor-domain-2,,Line 1 of the address.,Published,Public,,,,,,infa_data,infa_admin,,"","","",Assigned,Postal Address/Address Line 1,Update,"Oct 01, 2024, 08:09:53 AM",infa_admin,"Oct 01, 2024, 08:09:53 AM",infa_admin,b6db0375-01fe-4625-a855-49822433e9d0,CDGC://71a19c09-321a-4359-8a49-e2cfc57c8ee2/b6db0375-01fe-4625-a855-49822433e9d0,CDGC
SUB-DOMAIN-3,Products & Solutions,Product Development & Management | DOMAIN-1,,The Products & Solutions information domain,Published,Public,PS,,,,,Selciya,,,"","","",Assigned,Product Development & Management/Products & Solutions,Update,"Jan 11, 2025, 08:11:24 AM",Selciya,"Jan 11, 2025, 08:11:24 AM",Selciya,bc1df1d8-b64d-4d7e-80d0-e34990559c37,CDGC://4b4ecc83-61f7-42d5-98ad-23749c7faf62/bc1df1d8-b64d-4d7e-80d0-e34990559c37,CDGC
GLOS-924,HC COE,,Human Capital Management | BG-11,HC COE,Published,Public,,,,,,infa_data,infa_admin,,"","","",Assigned,Business Glossary/Human Capital Management/HC COE,Update,"Sep 19, 2024, 06:01:51 AM",infa_admin,"Sep 19, 2024, 06:01:51 AM",infa_admin,d7855461-546b-487f-a589-593392eae9b2,CDGC://fa01dd64-4797-4056-97a4-0558835b4d43/455f2e11-79a8-427e-baff-fd14cff2f33e/d7855461-546b-487f-a589-593392eae9b2,CDGC
Instructor-subdomain-1,Organization,Party | Instructor-domain-1,,Organization,Published,Public,,,,,,infa_data,infa_admin,,"","","",Assigned,Party/Organization,Update,"Oct 01, 2024, 08:09:53 AM",infa_admin,"Oct 01, 2024, 08:09:53 AM",infa_admin,d95abf73-32e9-49c9-b079-207f29e13640,CDGC://cfefb780-1bc4-431a-8f89-4e05f6acbff2/d95abf73-32e9-49c9-b079-207f29e13640,CDGC
Instructor-subdomain-18,Party Comment,Party | Instructor-domain-1,,"Comments capture information about a party or a customer. Use comments to communicate extra information, such as the buying pattern of the party or preferences expressed during the on-boarding process.",Published,Public,,,,,,infa_data,infa_admin,,"","","",Assigned,Party/Party Comment,Update,"Oct 01, 2024, 08:09:53 AM",infa_admin,"Oct 01, 2024, 08:09:53 AM",infa_admin,da74ec1b-8525-4b2c-8f28-617676f321f9,CDGC://cfefb780-1bc4-431a-8f89-4e05f6acbff2/da74ec1b-8525-4b2c-8f28-617676f321f9,CDGC
SUB-DOMAIN-6,Retail Customer Transactions,"Customer Experience, Sales & Service | DOMAIN-3",,The Retail Customer Transactions information,Published,Public,RCT,,,,,,,,"","","",,"Customer Experience, Sales & Service/Retail Customer Transactions",Update,"Jan 11, 2025, 08:11:24 AM",Selciya,"Jan 11, 2025, 08:11:24 AM",Selciya,dfaae345-3bfc-4633-8d17-f1b4dd43d243,CDGC://9601734e-b1ad-44f9-825d-cf19a3fae9b7/dfaae345-3bfc-4633-8d17-f1b4dd43d243,CDGC
GLOS-922,Human Capital Services,,Human Capital Management | BG-11,Human Capital Services,Published,Public,,,,,,infa_data,infa_admin,,"","","",Assigned,Business Glossary/Human Capital Management/Human Capital Services,Update,"Sep 19, 2024, 06:01:51 AM",infa_admin,"Sep 19, 2024, 06:01:51 AM",infa_admin,ffa49b9f-3b59-4031-8da5-091255267c58,CDGC://fa01dd64-4797-4056-97a4-0558835b4d43/455f2e11-79a8-427e-baff-fd14cff2f33e/ffa49b9f-3b59-4031-8da5-091255267c58,CDGC
Instructor-subdomain-16,Party Availability,Party | Instructor-domain-1,,"Contact points for a party include phone number, electronic address, and postal address. The availability of the party at any given contact point aids the communication with the party.",Published,Public,,,,,,infa_data,infa_admin,,"","","",Assigned,Party/Party Availability,Update,"Oct 01, 2024, 08:09:53 AM",infa_admin,"Oct 01, 2024, 08:09:53 AM",infa_admin,05c332ce-5759-4b25-85b0-3446f708d6ac,CDGC://cfefb780-1bc4-431a-8f89-4e05f6acbff2/05c332ce-5759-4b25-85b0-3446f708d6ac,CDGC
SDOM-23,Employeee,DEMO | DOM-16,,,Published,,,,,,,,,,"","","",,DEMO/Employeee,Update,"Jan 08, 2025, 01:12:08 PM",AswathyNagarajan,"Jan 08, 2025, 01:12:08 PM",AswathyNagarajan,11b5b926-bc51-45d0-93bc-e7bf0efdb0db,CDGC://5e49a6fe-8571-4a13-8bd8-ef2331d6beef/11b5b926-bc51-45d0-93bc-e7bf0efdb0db,CDGC
Instructor-subdomain-21,Party Documents,Party | Instructor-domain-1,,"A party in the context of the role submits certain documents, such as a bank statement, a salary slip, qualification certificates, proof of age, and proof of residence.",Published,Public,,,,,,infa_data,infa_admin,,"","","",Assigned,Party/Party Documents,Update,"Oct 01, 2024, 08:09:53 AM",infa_admin,"Oct 01, 2024, 08:09:53 AM",infa_admin,2acc0e77-d3b5-4196-862e-ad1d03218ef6,CDGC://cfefb780-1bc4-431a-8f89-4e05f6acbff2/2acc0e77-d3b5-4196-862e-ad1d03218ef6,CDGC
SDOM-26,SD Customer,,,,Published,,,,,,,beenu,,,"","","",Assigned,SD Customer,Update,"Jan 15, 2025, 12:43:05 PM",RiswinT,"Jan 15, 2025, 12:43:09 PM",RiswinT,2df70b42-c3d2-4a9a-bf86-c5f7be688464,CDGC://2df70b42-c3d2-4a9a-bf86-c5f7be688464,CDGC
Instructor-subdomain-14,Party Alternate Identifier,Party | Instructor-domain-1,,"Alternate identifiers are known identifiers that uniquely identify a party. For an organization, examples of alternate identifiers are tax numbers, D-U-N-S number, or National Provider Identifier (NPI) numbers for healthcare providers. For a person, examples of alternate identifiers are Social Security number, driver's license number, or passport number.",Published,Public,,,,,,infa_data,infa_admin,,"","","",Assigned,Party/Party Alternate Identifier,Update,"Oct 01, 2024, 08:09:53 AM",infa_admin,"Oct 01, 2024, 08:09:53 AM",infa_admin,40785fd6-3ff9-44a0-884e-633880603dd2,CDGC://cfefb780-1bc4-431a-8f89-4e05f6acbff2/40785fd6-3ff9-44a0-884e-633880603dd2,CDGC
BG-11,Human Capital Management,Business Glossary | BG-00,,Human Capital Management,Published,Public,,,,,,,,,"","","",,Business Glossary/Human Capital Management,Update,"Sep 19, 2024, 05:44:12 AM",infa_admin,"Sep 19, 2024, 05:44:12 AM",infa_admin,455f2e11-79a8-427e-baff-fd14cff2f33e,CDGC://fa01dd64-4797-4056-97a4-0558835b4d43/455f2e11-79a8-427e-baff-fd14cff2f33e,CDGC
GLOS-1013,IT Operations,,IT & Digitization | GLOS-1012,IT Operations,Published,Public,,,,,,infa_data,infa_admin,,"","","",Assigned,Business Glossary/IT & Digitization/IT Operations,Update,"Sep 19, 2024, 06:01:51 AM",infa_admin,"Sep 19, 2024, 06:01:51 AM",infa_admin,46c58726-4ecd-4354-8ba4-78ed8d0656f7,CDGC://fa01dd64-4797-4056-97a4-0558835b4d43/56b53872-86cc-421a-a96e-802744fba310/46c58726-4ecd-4354-8ba4-78ed8d0656f7,CDGC
GLOS-914,Employees Relations & Investigations,,Human Capital Services | GLOS-922,Employees Relations & Grievance,Published,Public,,,,,,infa_data,infa_admin,,"","","",Assigned,Business Glossary/Human Capital Management/Human Capital Services/Employees Relations & Investigations,Update,"Sep 19, 2024, 06:08:43 AM",infa_admin,"Sep 19, 2024, 06:08:43 AM",infa_admin,4e51954c-5f12-43f6-afb4-f6a07603223e,CDGC://fa01dd64-4797-4056-97a4-0558835b4d43/455f2e11-79a8-427e-baff-fd14cff2f33e/ffa49b9f-3b59-4031-8da5-091255267c58/4e51954c-5f12-43f6-afb4-f6a07603223e,CDGC
SDOM-27,SD Employee,,,,Published,,,,,,,beenu,,,"","","",Assigned,SD Employee,Update,"Jan 15, 2025, 12:46:48 PM",RiswinT,"Jan 15, 2025, 12:46:51 PM",RiswinT,595acf02-263c-4114-9980-6ca4679ba1c2,CDGC://595acf02-263c-4114-9980-6ca4679ba1c2,CDGC
SDOM-2,Department,Human_resource | DOM-2,,,Published,,,,,,,Andrea,Adeno,,"","","",Assigned,Human_resource/Department,Update,"Sep 26, 2024, 04:50:23 AM",Sherin,"Sep 26, 2024, 04:50:23 AM",Sherin,59726ddc-0afa-4e9e-aebd-a6df22666732,CDGC://b824c3be-60ae-4db2-9d47-58a2e2d2e900/59726ddc-0afa-4e9e-aebd-a6df22666732,CDGC
Instructor-subdomain-5,New_Employee,,Person | Instructor-subdomain-4,Employee of your company,Published,,,,,,,,,,"","","",,Party/Person/New_Employee,Update,"Oct 01, 2024, 08:09:53 AM",infa_admin,"Oct 01, 2024, 08:09:53 AM",infa_admin,5fcfbcb9-a412-4375-bcf9-37c5dbef0b50,CDGC://cfefb780-1bc4-431a-8f89-4e05f6acbff2/a17e5f8f-7de0-4aa3-badd-2764fdb8d54a/5fcfbcb9-a412-4375-bcf9-37c5dbef0b50,CDGC
GLOS-926,HCM Joint Terms - Group 1,,Human Capital Management | BG-11,"This glossary includes all the business terms used by the following departments:
 OD & Manpower Planning 
 Hiring & Onboarding,
Talent Development
Employees Relations & investigations",Published,Public,,,,,,infa_data,infa_admin,,"","","",Assigned,Business Glossary/Human Capital Management/HCM Joint Terms - Group 1,Update,"Sep 19, 2024, 06:01:51 AM",infa_admin,"Sep 19, 2024, 06:01:51 AM",infa_admin,7176ee1b-61c9-40fa-abe4-8b90974a65f9,CDGC://fa01dd64-4797-4056-97a4-0558835b4d43/455f2e11-79a8-427e-baff-fd14cff2f33e/7176ee1b-61c9-40fa-abe4-8b90974a65f9,CDGC
GLOS-909,Systems & Database,,IT Operations | GLOS-1013,Systems & Database,Published,Public,,,,,,infa_data,infa_admin,,"","","",Assigned,Business Glossary/IT & Digitization/IT Operations/Systems & Database,Update,"Sep 19, 2024, 06:08:43 AM",infa_admin,"Sep 19, 2024, 06:08:43 AM",infa_admin,72de4ea3-b1ec-4661-9394-7faf0c73da51,CDGC://fa01dd64-4797-4056-97a4-0558835b4d43/56b53872-86cc-421a-a96e-802744fba310/46c58726-4ecd-4354-8ba4-78ed8d0656f7/72de4ea3-b1ec-4661-9394-7faf0c73da51,CDGC
SDOM-20,Employee,L_DEMO | DOM-14,,,Published,,,,,,,,,,"","","",,L_DEMO/Employee,Update,"Jan 08, 2025, 10:36:01 AM",Deleted,"Jan 08, 2025, 10:36:01 AM",Deleted,8d23da01-81f1-4539-9be7-aa20d9fc7910,CDGC://3c0b3792-f881-46f6-8946-95d2626c590c/8d23da01-81f1-4539-9be7-aa20d9fc7910,CDGC
GLOS-921,Talent & Performance,,Human Capital Management | BG-11,Talent & Performance,Published,Public,,,,,,infa_data,infa_admin,,"","","",Assigned,Business Glossary/Human Capital Management/Talent & Performance,Update,"Sep 19, 2024, 06:01:51 AM",infa_admin,"Sep 19, 2024, 06:01:51 AM",infa_admin,90efae37-5038-47c0-9b26-e0b2d171614c,CDGC://fa01dd64-4797-4056-97a4-0558835b4d43/455f2e11-79a8-427e-baff-fd14cff2f33e/90efae37-5038-47c0-9b26-e0b2d171614c,CDGC
SUB-DOMAIN-4,Transport & Warhousing,Demand Fulfillment | DOMAIN-2,,The Transport & Warhousing information subject,Published,Public,TW,,,,,Selciya,,,"","","",Assigned,Demand Fulfillment/Transport & Warhousing,Update,"Jan 11, 2025, 08:11:24 AM",Selciya,"Jan 11, 2025, 08:11:24 AM",Selciya,91b7b1b1-c80d-4db2-aa61-1049e06e1c17,CDGC://02b1f2a7-3566-4846-b45e-932d6193efa0/91b7b1b1-c80d-4db2-aa61-1049e06e1c17,CDGC
SDOM-41,SDOM_Test,,,,Published,,,,,,,,,,"","","",,SDOM_Test,Update,"Mar 11, 2025, 07:21:46 AM",abish,"Mar 11, 2025, 07:21:46 AM",abish,936c07e7-98ad-4443-b80b-0d6412c0e5ed,CDGC://936c07e7-98ad-4443-b80b-0d6412c0e5ed,CDGC
Instructor-subdomain-4,Person,Party | Instructor-domain-1,,Person,Published,Public,,,,,,infa_data,infa_admin,,"","","",Assigned,Party/Person,Update,"Oct 01, 2024, 08:09:53 AM",infa_admin,"Oct 01, 2024, 08:09:53 AM",infa_admin,a17e5f8f-7de0-4aa3-badd-2764fdb8d54a,CDGC://cfefb780-1bc4-431a-8f89-4e05f6acbff2/a17e5f8f-7de0-4aa3-badd-2764fdb8d54a,CDGC
SDOM-32,Employees,B2B_DWH_Sa | DOM-25,,,Published,,,,,,,,,,"","","",,B2B_DWH_Sa/Employees,Update,"Mar 03, 2025, 10:32:19 AM",Sanjai,"Mar 03, 2025, 10:32:19 AM",Sanjai,a3ea8246-4df7-45e9-a95b-c1d87013e62b,CDGC://f7f172c4-8f8e-4a44-aa54-119b556f1b5f/a3ea8246-4df7-45e9-a95b-c1d87013e62b,CDGC
Instructor-subdomain-22,Party Electronic Address,Party | Instructor-domain-1,,Electronic addresses are email addresses or web addresses.,Published,Public,,,,,,infa_data,infa_admin,,"","","",Assigned,Party/Party Electronic Address,Update,"Oct 01, 2024, 08:09:53 AM",infa_admin,"Oct 01, 2024, 08:09:53 AM",infa_admin,b7540c7a-4038-4e02-a9fa-c9f51acf92a7,CDGC://cfefb780-1bc4-431a-8f89-4e05f6acbff2/b7540c7a-4038-4e02-a9fa-c9f51acf92a7,CDGC
Instructor-subdomain-2,Party Key Executive,,Organization | Instructor-subdomain-1,"If the party is an organization, the key executives are important people in the organization. Key executives include CEO and CFO.",Published,Public,,,,,,infa_data,infa_admin,,"","","",Assigned,Party/Organization/Party Key Executive,Update,"Oct 01, 2024, 08:09:53 AM",infa_admin,"Oct 01, 2024, 08:09:53 AM",infa_admin,bdc0e41e-cbcf-4212-8433-e7c0cd488269,CDGC://cfefb780-1bc4-431a-8f89-4e05f6acbff2/d95abf73-32e9-49c9-b079-207f29e13640/bdc0e41e-cbcf-4212-8433-e7c0cd488269,CDGC
Instructor-subdomain-12,Party Segment,,Person | Instructor-subdomain-4,"Segmentation is the categorization of the party based on different factors, such as age, gender, income, spending patterns, and location. You can use the categorization data to target the marketing efforts and provide special pricing or special terms to the parties.",Published,Public,,,,,,infa_data,infa_admin,,"","","",Assigned,Party/Person/Party Segment,Update,"Oct 01, 2024, 08:09:53 AM",infa_admin,"Oct 01, 2024, 08:09:53 AM",infa_admin,bdf82a47-9bc8-4ec4-b330-161e05694242,CDGC://cfefb780-1bc4-431a-8f89-4e05f6acbff2/a17e5f8f-7de0-4aa3-badd-2764fdb8d54a/bdf82a47-9bc8-4ec4-b330-161e05694242,CDGC
SDOM-43,unifi_Employees,domin_unifi_Employees | DOM-40,,,Published,,,,,,,,,godw,"","","",Assigned,domin_unifi_Employees/unifi_Employees,Update,"Mar 12, 2025, 09:32:49 AM",godw,"Mar 12, 2025, 09:32:53 AM",godw,e078e780-d2f6-4f8b-8c7b-cc019c00cb31,CDGC://0f26ab17-a769-4f0c-ad2d-0caffe17e876/e078e780-d2f6-4f8b-8c7b-cc019c00cb31,CDGC
GLOS-1014,Talent Development,,Talent & Performance | GLOS-921,Talent Development,Published,Public,,,,,,infa_data,infa_admin,,"","","",Assigned,Business Glossary/Human Capital Management/Talent & Performance/Talent Development,Update,"Sep 19, 2024, 06:08:43 AM",infa_admin,"Sep 19, 2024, 06:08:43 AM",infa_admin,e1c34bf4-1e7e-4dcd-b245-b267c8e96094,CDGC://fa01dd64-4797-4056-97a4-0558835b4d43/455f2e11-79a8-427e-baff-fd14cff2f33e/90efae37-5038-47c0-9b26-e0b2d171614c/e1c34bf4-1e7e-4dcd-b245-b267c8e96094,CDGC
SDOM-21,Customer,D_Demo | DOM-15,,,Published,,,,,,,,,,"","","",,D_Demo/Customer,Update,"Jan 08, 2025, 11:46:42 AM",Jaishar,"Jan 08, 2025, 11:46:42 AM",Jaishar,e8359af0-1c25-4b7e-9712-babfb082d0a5,CDGC://e16f4d29-faef-4617-8edc-b589c3d64d28/e8359af0-1c25-4b7e-9712-babfb082d0a5,CDGC
GLOS-925,Academy,,Human Capital Management | BG-11,Zatca Academy,Published,Public,,,,,,infa_data,infa_admin,,"","","",Assigned,Business Glossary/Human Capital Management/Academy,Update,"Sep 19, 2024, 06:01:51 AM",infa_admin,"Oct 09, 2024, 04:40:55 AM",infa_admin,fd71d28a-1835-4fd5-83b6-cca46b1b6fd7,CDGC://fa01dd64-4797-4056-97a4-0558835b4d43/455f2e11-79a8-427e-baff-fd14cff2f33e/fd71d28a-1835-4fd5-83b6-cca46b1b6fd7,CDGC
